movie_id,user_id,rating,timestamp,genres
320.0,189.0,4.0,1623626304.0,Thriller|Comedy|Action
201.0,210.0,2.0,1615914767.0,Action
172.0,145.0,5.0,1622996867.0,Drama
342.0,391.0,5.0,1616444576.0,Comedy
35.0,116.0,4.0,1626953022.0,Thriller|Action
376.0,274.0,5.0,1612742759.0,Thriller
301.0,,2.0,1637546284.0,Drama|Adventure
215.0,281.0,5.0,1632305033.0,Thriller|Adventure
4.0,269.0,2.0,1627288243.0,Action|Thriller
257.0,218.0,1.0,1614608689.0,Drama
112.0,278.0,5.0,1630959447.0,Comedy
300.0,252.0,2.0,1623391047.0,Action|Drama|Comedy
10.0,235.0,4.0,1622608880.0,Action|Comedy|Thriller
486.0,251.0,2.0,1628814715.0,Drama
70.0,381.0,5.0,1636036249.0,Thriller|Comedy|Adventure
443.0,301.0,1.0,1619211926.0,Thriller|Sci-Fi|Adventure
43.0,452.0,5.0,1613683790.0,Action|Drama|Thriller
409.0,452.0,4.0,1613067026.0,Drama
492.0,487.0,1.0,,Action|Romance|Comedy
327.0,395.0,4.0,1624164192.0,Adventure|Drama|Sci-Fi
241.0,116.0,2.0,1611241933.0,Adventure|Comedy
176.0,206.0,3.0,1623438152.0,Drama
73.0,391.0,5.0,1633287931.0,Comedy|Action
334.0,406.0,2.0,1623663074.0,Drama
324.0,418.0,4.0,1618074793.0,Romance
364.0,422.0,4.0,1630881029.0,Adventure|Sci-Fi|Drama
489.0,324.0,4.0,1635811079.0,Sci-Fi|Comedy
425.0,438.0,3.0,1610135069.0,Action
204.0,469.0,5.0,1629141690.0,Romance|Adventure
467.0,359.0,3.0,1632756599.0,Thriller|Adventure
137.0,481.0,4.0,1633179056.0,Romance|Sci-Fi|Drama
92.0,344.0,2.0,1623178953.0,Thriller|Comedy|Sci-Fi
241.0,170.0,5.0,1633147050.0,Sci-Fi|Drama|Action
257.0,130.0,4.0,1637746351.0,Action
154.0,307.0,5.0,1636634340.0,Sci-Fi|Comedy
61.0,229.0,2.0,1622893268.0,Comedy|Drama
347.0,293.0,3.0,1627414812.0,Romance|Action|Thriller
163.0,355.0,1.0,1612342400.0,Sci-Fi|Comedy|Romance
259.0,276.0,2.0,1635296372.0,Thriller|Romance
320.0,143.0,5.0,1610245707.0,Adventure|Comedy|Drama
411.0,409.0,3.0,1638815739.0,Drama|Sci-Fi
161.0,207.0,4.0,1635487821.0,Drama
100.0,417.0,4.0,1610198769.0,Action|Sci-Fi
491.0,278.0,3.0,1617317289.0,Drama|Comedy
24.0,234.0,2.0,1613732126.0,Drama
233.0,233.0,3.0,1622140986.0,Romance|Adventure
120.0,118.0,2.0,1633947006.0,Romance|Adventure
182.0,169.0,4.0,1611901750.0,Romance|Adventure
94.0,428.0,1.0,1611383698.0,Romance|Drama
300.0,154.0,1.0,1619041992.0,Comedy
209.0,356.0,1.0,1615606512.0,Thriller|Action|Sci-Fi
304.0,363.0,1.0,1625102065.0,Drama|Thriller
201.0,113.0,4.0,1625170972.0,Comedy
230.0,236.0,,1640256208.0,Drama
206.0,179.0,4.0,1632516132.0,Sci-Fi
179.0,156.0,1.0,1613127944.0,Thriller|Drama|Adventure
440.0,101.0,1.0,1634369095.0,Thriller|Sci-Fi|Romance
236.0,492.0,3.0,1633818513.0,Adventure|Action|Comedy
481.0,,3.0,1636410088.0,Romance
134.0,300.0,1.0,1624279855.0,
23.0,206.0,2.0,1637202627.0,Sci-Fi|Comedy
211.0,381.0,4.0,1630242858.0,Thriller|Drama|Comedy
256.0,,2.0,1615599815.0,Comedy|Romance|Thriller
253.0,314.0,2.0,1613236280.0,Drama|Adventure
61.0,357.0,5.0,1620689968.0,Action|Thriller|Comedy
231.0,,3.0,1631004056.0,Thriller|Action|Adventure
438.0,186.0,4.0,1622762250.0,Thriller|Comedy|Adventure
312.0,312.0,1.0,1622016742.0,Thriller|Comedy
398.0,329.0,3.0,1639262136.0,Comedy|Thriller|Adventure
276.0,169.0,1.0,1610766064.0,Adventure|Thriller
56.0,238.0,3.0,1632410737.0,Drama|Adventure
483.0,220.0,5.0,1619881602.0,Sci-Fi
310.0,235.0,1.0,1626736562.0,Comedy|Thriller|Action
229.0,483.0,5.0,1632766658.0,Comedy
429.0,343.0,3.0,1621636726.0,Action
310.0,261.0,4.0,1609504626.0,Romance
134.0,425.0,4.0,1613806190.0,Adventure|Comedy|Drama
215.0,335.0,1.0,1633521227.0,Drama|Sci-Fi
130.0,234.0,1.0,1615008110.0,Romance|Comedy|Drama
246.0,196.0,3.0,1632759813.0,Comedy|Adventure|Thriller
409.0,123.0,2.0,1632701226.0,Adventure
499.0,118.0,3.0,1610773942.0,Action
275.0,210.0,2.0,1633174854.0,Thriller|Comedy|Action
483.0,136.0,3.0,1632012021.0,
163.0,168.0,3.0,1614661804.0,Romance|Drama|Comedy
322.0,467.0,3.0,1610017736.0,Sci-Fi
322.0,313.0,1.0,1637935979.0,Action|Drama
321.0,154.0,1.0,1636730644.0,Drama
47.0,376.0,5.0,1614357381.0,Action|Sci-Fi
304.0,446.0,3.0,1613609319.0,Thriller|Action|Drama
462.0,185.0,4.0,1617224887.0,Romance
403.0,306.0,1.0,1621422244.0,Comedy|Thriller
421.0,464.0,2.0,1622907762.0,Drama
482.0,238.0,2.0,1614073699.0,Action|Sci-Fi
347.0,273.0,4.0,1613364937.0,Comedy|Adventure|Action
141.0,431.0,2.0,1610890063.0,Sci-Fi
81.0,325.0,2.0,1634549379.0,Adventure|Thriller|Action
266.0,354.0,2.0,1619442761.0,Romance|Comedy|Sci-Fi
124.0,444.0,5.0,1622547328.0,Comedy|Adventure|Action
419.0,402.0,1.0,1613741748.0,Drama|Adventure|Thriller
371.0,401.0,1.0,1630478382.0,Romance|Thriller|Drama
60.0,240.0,5.0,1617038464.0,Romance|Adventure
261.0,483.0,2.0,1633127244.0,Drama|Thriller|Romance
471.0,163.0,2.0,1617126105.0,Drama|Action|Romance
228.0,414.0,2.0,1621790121.0,Comedy
114.0,410.0,3.0,1612446371.0,Adventure
153.0,230.0,5.0,1625055191.0,Sci-Fi|Thriller|Adventure
21.0,432.0,2.0,1632510480.0,Comedy
46.0,385.0,5.0,1629566754.0,Comedy|Romance
85.0,161.0,4.0,1634854164.0,Action|Adventure
231.0,293.0,5.0,1631741901.0,Thriller|Romance|Drama
495.0,281.0,5.0,1614383322.0,Comedy
304.0,407.0,5.0,1626551872.0,Comedy
295.0,171.0,4.0,1622831975.0,Thriller
128.0,210.0,1.0,1627650854.0,Action|Sci-Fi|Romance
198.0,356.0,4.0,1632602597.0,Comedy|Action|Sci-Fi
49.0,260.0,3.0,1615947418.0,Romance|Sci-Fi
151.0,390.0,5.0,1628992826.0,Romance|Thriller
240.0,237.0,1.0,1639578841.0,Adventure|Romance
453.0,224.0,4.0,1632700897.0,Romance|Adventure|Drama
99.0,392.0,2.0,1623696236.0,Sci-Fi|Comedy
217.0,342.0,4.0,1614681440.0,Action
214.0,128.0,4.0,1634917363.0,Comedy|Adventure
134.0,397.0,3.0,1632525386.0,Comedy|Thriller
1.0,470.0,1.0,1637345778.0,Sci-Fi|Drama
32.0,173.0,1.0,1613256603.0,Adventure|Romance
213.0,436.0,5.0,1637427923.0,Comedy
438.0,127.0,3.0,1615025053.0,Action
314.0,145.0,5.0,1624959590.0,Thriller|Romance
28.0,334.0,1.0,1629406827.0,Thriller
,332.0,2.0,1622346504.0,Comedy|Drama|Thriller
28.0,244.0,5.0,1631084160.0,Comedy
170.0,472.0,2.0,1622165379.0,Thriller|Action
432.0,145.0,3.0,1626315913.0,Drama|Action
215.0,132.0,2.0,1631541521.0,Romance|Adventure
446.0,187.0,2.0,1626082534.0,Drama
113.0,193.0,3.0,1627246985.0,Romance|Action|Adventure
279.0,477.0,2.0,1611561380.0,Comedy|Romance
130.0,140.0,5.0,1610809823.0,Comedy|Sci-Fi
367.0,447.0,5.0,1632660489.0,Romance
166.0,409.0,5.0,1624413465.0,Action
,382.0,1.0,1619495329.0,Sci-Fi|Action
93.0,248.0,5.0,1620747935.0,Adventure
342.0,441.0,3.0,1640115226.0,Adventure|Sci-Fi|Comedy
390.0,121.0,2.0,1616203451.0,Romance
153.0,359.0,1.0,1637755331.0,Drama
140.0,350.0,4.0,1631780860.0,Romance
47.0,260.0,3.0,1617899967.0,Drama
346.0,195.0,1.0,1630602394.0,Action|Sci-Fi
420.0,412.0,4.0,1610163774.0,Adventure|Comedy|Drama
180.0,254.0,5.0,1632586954.0,Drama
252.0,149.0,1.0,1610419047.0,Comedy|Action
466.0,176.0,4.0,1610502187.0,Comedy|Drama|Sci-Fi
354.0,246.0,3.0,1638415627.0,Romance
162.0,365.0,2.0,1637047636.0,Adventure|Comedy
497.0,336.0,3.0,1630240677.0,Thriller|Drama|Romance
141.0,346.0,2.0,1634290800.0,Sci-Fi
336.0,473.0,1.0,1626511499.0,Adventure
33.0,115.0,5.0,1634057483.0,Comedy|Thriller
,167.0,1.0,1627292140.0,Comedy|Action
370.0,167.0,5.0,1640572222.0,Sci-Fi|Romance|Comedy
106.0,275.0,1.0,1619392188.0,Sci-Fi|Action
86.0,185.0,4.0,1618863203.0,Adventure
261.0,261.0,1.0,1627428806.0,Action|Thriller
80.0,145.0,4.0,1630183471.0,Adventure
398.0,374.0,3.0,1628594355.0,Drama
306.0,329.0,5.0,1640621843.0,Romance|Thriller|Action
76.0,265.0,5.0,1626335228.0,Romance|Drama
52.0,478.0,3.0,1628896161.0,Thriller|Sci-Fi|Action
251.0,425.0,2.0,1610160009.0,Romance|Sci-Fi|Thriller
292.0,,4.0,1611987325.0,Thriller|Comedy
7.0,245.0,3.0,1615303258.0,Comedy|Romance
424.0,390.0,5.0,1626828591.0,Adventure|Thriller
494.0,420.0,3.0,1613430278.0,Thriller
482.0,414.0,5.0,1620218382.0,Romance|Comedy|Action
444.0,310.0,2.0,1620818222.0,Adventure|Thriller
121.0,122.0,5.0,1619994841.0,Action|Romance|Drama
299.0,312.0,5.0,1609507440.0,Romance|Drama
347.0,350.0,4.0,1617629772.0,Thriller|Action|Adventure
388.0,498.0,3.0,1640348726.0,Action|Adventure
472.0,458.0,5.0,1634666125.0,Adventure|Thriller|Action
273.0,134.0,1.0,1618819914.0,Sci-Fi|Thriller
491.0,476.0,2.0,1611720307.0,Romance|Action|Thriller
446.0,276.0,4.0,1639607313.0,Action|Adventure|Sci-Fi
304.0,359.0,1.0,1631788193.0,Comedy|Romance
412.0,487.0,3.0,1623982380.0,Thriller
233.0,234.0,2.0,1629233857.0,
117.0,386.0,1.0,1610926388.0,Sci-Fi|Drama
203.0,298.0,2.0,1631840580.0,Comedy|Adventure
326.0,138.0,2.0,1621446172.0,Sci-Fi|Thriller
415.0,338.0,2.0,1621837255.0,Sci-Fi|Thriller|Action
315.0,374.0,3.0,1630759203.0,Romance|Thriller
228.0,473.0,3.0,1621415047.0,Sci-Fi|Drama
216.0,422.0,1.0,1621251801.0,Thriller|Sci-Fi|Romance
57.0,385.0,5.0,1621290516.0,Thriller|Comedy
456.0,322.0,4.0,1640976319.0,Sci-Fi|Action|Romance
464.0,490.0,4.0,1622058708.0,Action|Comedy|Romance
93.0,318.0,2.0,1630923598.0,Romance|Adventure|Thriller
450.0,303.0,3.0,1612465565.0,Romance|Thriller|Adventure
241.0,139.0,5.0,1639648213.0,Sci-Fi|Comedy|Thriller
80.0,168.0,5.0,1629055806.0,Drama
480.0,325.0,4.0,1626396305.0,Adventure|Sci-Fi
276.0,202.0,2.0,1630206611.0,Adventure
36.0,353.0,5.0,1618395300.0,Sci-Fi|Thriller
13.0,134.0,4.0,1611203326.0,Adventure|Thriller
258.0,434.0,1.0,1618579560.0,Drama
5.0,462.0,3.0,1618951380.0,Romance|Adventure
377.0,119.0,5.0,1631333438.0,Action
372.0,173.0,4.0,1615515866.0,Sci-Fi
241.0,461.0,5.0,1614613027.0,Romance|Drama|Action
18.0,188.0,3.0,1610367909.0,Comedy|Drama
456.0,220.0,,1633100047.0,Adventure|Thriller
348.0,416.0,1.0,1626830240.0,Sci-Fi|Romance
236.0,286.0,4.0,1623329415.0,Drama|Thriller|Action
90.0,143.0,3.0,1624433329.0,Comedy|Romance|Drama
155.0,,5.0,,Thriller|Adventure
390.0,372.0,5.0,1619368686.0,Sci-Fi|Romance|Adventure
,496.0,4.0,1633515167.0,Adventure
249.0,136.0,4.0,1621051917.0,Romance|Drama|Sci-Fi
149.0,477.0,5.0,1624081001.0,Action|Drama|Comedy
325.0,488.0,2.0,1632774595.0,Comedy
305.0,241.0,5.0,1631939617.0,Drama|Adventure
387.0,210.0,3.0,1627027821.0,Sci-Fi|Drama
,247.0,4.0,1635317588.0,Drama|Romance
132.0,226.0,5.0,1622113356.0,Thriller|Sci-Fi
7.0,438.0,3.0,1638921349.0,Romance
398.0,337.0,5.0,1637693699.0,Drama|Adventure
265.0,371.0,1.0,1619666817.0,Romance|Action|Thriller
161.0,241.0,5.0,1616400351.0,Adventure
198.0,145.0,1.0,1624337073.0,Comedy
318.0,272.0,2.0,1633316557.0,Comedy
482.0,190.0,5.0,1630044864.0,Thriller|Romance|Action
64.0,336.0,1.0,1636506044.0,Action|Romance
298.0,474.0,1.0,1613862241.0,Romance|Drama
37.0,387.0,4.0,1630486735.0,Thriller|Romance
415.0,320.0,4.0,1626020368.0,Comedy
223.0,214.0,2.0,1628504835.0,Comedy|Adventure|Drama
60.0,106.0,4.0,1619099801.0,Sci-Fi|Comedy|Drama
447.0,158.0,5.0,1638927699.0,Drama|Action|Sci-Fi
401.0,226.0,1.0,1633560773.0,Drama|Sci-Fi|Comedy
146.0,377.0,1.0,1639470310.0,Sci-Fi|Drama
114.0,145.0,5.0,1625146218.0,Romance
409.0,459.0,3.0,1628066423.0,Comedy|Drama|Action
456.0,117.0,3.0,1631768422.0,Comedy|Romance|Action
384.0,224.0,5.0,1617173113.0,Drama|Thriller|Action
417.0,207.0,4.0,1635761490.0,Sci-Fi
30.0,158.0,5.0,1619924183.0,Action
291.0,460.0,1.0,1625999181.0,Comedy|Drama|Sci-Fi
343.0,371.0,1.0,1610915481.0,Comedy
21.0,375.0,2.0,1619364951.0,Comedy
257.0,242.0,2.0,1625057613.0,Thriller|Romance|Sci-Fi
90.0,223.0,3.0,1623023710.0,Comedy|Action
305.0,384.0,3.0,1635292237.0,Drama|Adventure|Thriller
190.0,459.0,2.0,1613000491.0,Thriller|Sci-Fi|Comedy
51.0,150.0,1.0,1630861624.0,Action
388.0,141.0,1.0,1630956113.0,Thriller
401.0,267.0,1.0,1621423675.0,Thriller
481.0,416.0,5.0,1629009352.0,Drama
203.0,361.0,5.0,1619948989.0,Romance|Drama|Thriller
92.0,439.0,1.0,1612256723.0,Sci-Fi|Thriller|Adventure
76.0,456.0,4.0,1620003497.0,Comedy|Thriller
98.0,320.0,1.0,1609825502.0,Thriller
48.0,316.0,3.0,1634949474.0,Sci-Fi|Romance
352.0,210.0,4.0,1625928538.0,Sci-Fi
260.0,283.0,5.0,1616627815.0,Sci-Fi|Drama
80.0,281.0,2.0,1613362417.0,Sci-Fi|Drama
109.0,168.0,5.0,1622408514.0,Comedy|Sci-Fi
348.0,223.0,2.0,1621543020.0,Thriller|Comedy|Sci-Fi
485.0,151.0,3.0,1632885492.0,Action
271.0,305.0,1.0,1628012360.0,Adventure|Action|Thriller
397.0,251.0,3.0,1639053989.0,Sci-Fi|Romance
77.0,154.0,4.0,1610919596.0,
52.0,259.0,2.0,1612019271.0,Adventure|Thriller|Comedy
225.0,171.0,3.0,1623932380.0,Adventure|Action
389.0,369.0,2.0,1640688655.0,Drama
333.0,452.0,1.0,1625527304.0,Sci-Fi|Action|Romance
50.0,310.0,4.0,1632808263.0,Comedy
271.0,270.0,2.0,1613701952.0,Romance
183.0,177.0,5.0,1632324744.0,
143.0,373.0,3.0,1610972177.0,Adventure|Sci-Fi|Comedy
214.0,453.0,5.0,1638852466.0,Drama|Adventure
212.0,,1.0,1635759216.0,Romance|Comedy|Adventure
281.0,,2.0,1625437539.0,Thriller|Sci-Fi
263.0,265.0,5.0,1638293794.0,Sci-Fi
218.0,411.0,5.0,1638798352.0,Drama
399.0,490.0,1.0,1623892319.0,Romance|Sci-Fi|Adventure
62.0,346.0,4.0,1611876489.0,Adventure
59.0,107.0,3.0,1629724745.0,Thriller|Action
68.0,192.0,4.0,1623408617.0,Thriller
292.0,292.0,1.0,1620938343.0,Sci-Fi|Thriller
290.0,500.0,4.0,1629961250.0,Sci-Fi|Thriller|Romance
79.0,397.0,1.0,1621428694.0,Action|Sci-Fi
221.0,416.0,3.0,,Drama|Action|Romance
18.0,241.0,5.0,1640730680.0,Adventure|Thriller|Action
50.0,485.0,5.0,1625352926.0,Action|Comedy
120.0,416.0,2.0,1640058691.0,Drama|Romance|Adventure
444.0,315.0,4.0,1612391481.0,Romance|Drama
70.0,179.0,3.0,1630820022.0,Romance|Comedy|Adventure
123.0,211.0,2.0,1639294182.0,Romance|Comedy
232.0,,4.0,1633095143.0,Thriller|Action|Sci-Fi
239.0,128.0,5.0,1637561195.0,Drama|Adventure|Thriller
349.0,325.0,3.0,1630850334.0,Action|Adventure
69.0,387.0,3.0,1638971345.0,Comedy
178.0,140.0,3.0,1624848034.0,Drama
325.0,245.0,1.0,1635331990.0,Romance|Drama|Sci-Fi
41.0,111.0,4.0,1623033901.0,Adventure
424.0,146.0,2.0,1618145125.0,Sci-Fi|Drama|Adventure
108.0,255.0,3.0,1621095565.0,Romance|Adventure
447.0,403.0,4.0,1624907110.0,Drama|Romance|Sci-Fi
394.0,,3.0,1613523217.0,Thriller|Romance
,177.0,4.0,1610676158.0,Comedy|Drama
384.0,206.0,5.0,1616022723.0,Comedy
386.0,442.0,1.0,1629474399.0,Action|Sci-Fi
433.0,288.0,4.0,1628664458.0,Comedy|Adventure|Action
61.0,373.0,5.0,1639135610.0,Drama|Adventure
470.0,369.0,1.0,1629507169.0,Thriller|Adventure
448.0,442.0,4.0,1637688188.0,Action
275.0,148.0,4.0,1640102870.0,Comedy|Adventure|Thriller
34.0,485.0,1.0,1631877641.0,Romance|Comedy|Drama
213.0,423.0,3.0,1629347089.0,Action|Drama|Comedy
52.0,342.0,1.0,1618628006.0,Adventure|Romance|Thriller
220.0,293.0,1.0,1609781134.0,Romance|Drama|Comedy
440.0,420.0,1.0,1616593163.0,Comedy|Action|Adventure
312.0,240.0,3.0,1616181387.0,Thriller|Drama
191.0,335.0,5.0,1615338441.0,Drama|Action|Adventure
290.0,143.0,3.0,1611052973.0,Sci-Fi|Action|Drama
,217.0,1.0,1621345021.0,Adventure|Comedy|Romance
500.0,305.0,4.0,1624265531.0,Sci-Fi|Action|Thriller
398.0,437.0,2.0,1624862556.0,Thriller|Drama|Action
399.0,445.0,5.0,1635087279.0,Sci-Fi
450.0,147.0,1.0,1618783343.0,Sci-Fi|Thriller
275.0,211.0,5.0,1618520941.0,Thriller|Drama
275.0,112.0,2.0,1639621128.0,Comedy
244.0,102.0,1.0,1636985149.0,Sci-Fi|Action
123.0,180.0,5.0,1625205966.0,Action|Romance|Sci-Fi
38.0,239.0,5.0,1620033698.0,Action|Romance|Adventure
374.0,289.0,3.0,1638773911.0,Comedy|Drama|Adventure
386.0,390.0,5.0,1611091096.0,Thriller
39.0,209.0,5.0,1640188956.0,Thriller
43.0,105.0,3.0,1614700880.0,Drama|Action
155.0,485.0,2.0,1615188474.0,Thriller
236.0,198.0,1.0,1622018584.0,Romance|Adventure|Sci-Fi
,215.0,5.0,1626470214.0,Drama|Sci-Fi|Adventure
461.0,468.0,3.0,1632495591.0,Romance|Thriller
269.0,159.0,4.0,1636122180.0,Comedy|Action
51.0,368.0,2.0,1619855080.0,Sci-Fi
392.0,440.0,5.0,1620391181.0,Romance|Comedy|Adventure
81.0,392.0,5.0,1634697660.0,Sci-Fi|Thriller|Romance
198.0,278.0,5.0,1636299902.0,Action
,121.0,4.0,1639509427.0,Sci-Fi
302.0,350.0,3.0,1637214216.0,Comedy|Romance
391.0,433.0,2.0,1631650849.0,Comedy|Action
62.0,306.0,5.0,1623606260.0,Comedy
371.0,439.0,3.0,1630421891.0,Comedy|Romance
220.0,170.0,4.0,1611434471.0,Sci-Fi|Comedy
353.0,437.0,2.0,1614978569.0,Thriller|Adventure|Action
475.0,449.0,2.0,1637893342.0,Action|Sci-Fi|Romance
211.0,266.0,2.0,1615000345.0,Sci-Fi|Drama|Romance
461.0,167.0,5.0,1640578432.0,Comedy|Thriller|Drama
181.0,403.0,1.0,1636511958.0,Romance
194.0,245.0,5.0,1634277608.0,Thriller|Drama|Romance
288.0,411.0,5.0,1620286256.0,Comedy|Thriller
474.0,459.0,2.0,1639669218.0,Comedy|Adventure|Thriller
241.0,148.0,3.0,1630482213.0,Drama
288.0,355.0,3.0,1618998167.0,Drama|Action|Comedy
108.0,,5.0,1629744855.0,Comedy|Romance|Action
46.0,182.0,5.0,1633066287.0,Drama|Comedy|Thriller
79.0,,3.0,1617372741.0,Adventure|Thriller
8.0,139.0,5.0,1637566605.0,Sci-Fi
433.0,292.0,1.0,1611679993.0,Thriller|Comedy|Drama
349.0,251.0,3.0,1616597430.0,Thriller|Romance|Sci-Fi
447.0,181.0,2.0,1630054221.0,Thriller
405.0,434.0,2.0,1627045160.0,Action
390.0,364.0,2.0,1630648381.0,Sci-Fi|Comedy|Adventure
122.0,168.0,5.0,,Romance|Adventure|Thriller
,249.0,1.0,1619193821.0,Comedy|Thriller
413.0,151.0,3.0,1632133680.0,Thriller|Action|Romance
80.0,106.0,1.0,1626072474.0,Thriller|Romance|Drama
390.0,158.0,2.0,1639482023.0,Comedy|Sci-Fi|Action
369.0,240.0,2.0,1615124672.0,Adventure|Sci-Fi
407.0,324.0,1.0,1628427445.0,Drama
276.0,392.0,5.0,1640044832.0,Thriller
17.0,112.0,5.0,1634367188.0,Drama|Action
12.0,233.0,4.0,1622396861.0,Sci-Fi|Adventure
367.0,388.0,1.0,1635799904.0,Romance|Thriller|Sci-Fi
124.0,109.0,5.0,1640688820.0,Comedy|Thriller
129.0,255.0,1.0,1640767094.0,Comedy|Thriller|Romance
8.0,312.0,5.0,,Adventure
253.0,352.0,2.0,1625959617.0,Comedy|Sci-Fi|Drama
151.0,197.0,1.0,1627512361.0,Drama
81.0,122.0,3.0,1615845602.0,Drama
480.0,335.0,1.0,1623776889.0,Comedy|Drama
355.0,170.0,2.0,1612141673.0,Sci-Fi|Comedy|Drama
334.0,240.0,2.0,1639393936.0,Drama|Adventure|Action
16.0,289.0,1.0,1624719948.0,Comedy
160.0,334.0,5.0,1628392372.0,
374.0,372.0,3.0,1621834040.0,Sci-Fi
331.0,197.0,1.0,1636635744.0,Thriller
12.0,241.0,3.0,1633362118.0,Action
477.0,383.0,2.0,1630822068.0,Drama
467.0,321.0,2.0,1627441725.0,Thriller|Action
22.0,293.0,2.0,1631332256.0,Adventure|Comedy
234.0,205.0,3.0,1620690034.0,Action|Romance|Thriller
157.0,298.0,3.0,1640763473.0,Drama|Sci-Fi
63.0,450.0,3.0,1610070538.0,Romance|Sci-Fi|Drama
170.0,147.0,2.0,1633050492.0,Adventure|Drama|Romance
97.0,132.0,3.0,1632895902.0,Comedy
260.0,246.0,1.0,1610294485.0,Sci-Fi|Romance|Action
348.0,321.0,3.0,1628320392.0,Adventure|Drama
270.0,221.0,5.0,1617887322.0,Sci-Fi|Action
388.0,143.0,5.0,1635241642.0,Sci-Fi|Drama
316.0,188.0,2.0,1618199893.0,Romance|Drama|Action
294.0,196.0,5.0,1625518175.0,Comedy
424.0,214.0,4.0,1616414661.0,Thriller|Action|Sci-Fi
3.0,322.0,5.0,,Comedy
357.0,232.0,3.0,1629321237.0,Romance
158.0,319.0,5.0,1634269724.0,Comedy|Adventure|Romance
118.0,436.0,5.0,1621718489.0,Sci-Fi
119.0,128.0,3.0,1610672050.0,Adventure
452.0,306.0,4.0,1637043912.0,Sci-Fi|Action|Romance
249.0,219.0,1.0,1632485822.0,Romance
235.0,463.0,4.0,1638289657.0,Romance|Action|Comedy
140.0,248.0,1.0,1617951762.0,Action|Adventure
240.0,177.0,1.0,1627826432.0,Romance|Drama
222.0,106.0,3.0,1635988627.0,Sci-Fi
409.0,363.0,4.0,1615021752.0,Sci-Fi|Drama|Romance
235.0,440.0,4.0,1610026414.0,Thriller|Drama
119.0,478.0,2.0,1611856635.0,Comedy|Adventure
91.0,290.0,5.0,1614393963.0,Adventure
490.0,418.0,1.0,1621759293.0,Sci-Fi|Action|Drama
242.0,418.0,2.0,1625293494.0,Drama|Sci-Fi
110.0,164.0,1.0,1636314601.0,Action|Comedy|Thriller
305.0,488.0,4.0,1627269214.0,Thriller|Sci-Fi
387.0,354.0,4.0,1636008739.0,Thriller
335.0,278.0,2.0,1615790600.0,Comedy|Drama|Adventure
323.0,251.0,1.0,1635938943.0,Thriller|Drama
285.0,,1.0,1612035273.0,
204.0,305.0,5.0,1616609570.0,Thriller|Drama
222.0,442.0,1.0,1617035798.0,Action
407.0,484.0,1.0,1639696507.0,Thriller|Drama|Romance
269.0,,5.0,1637109749.0,Action
335.0,111.0,5.0,1616405538.0,Action|Drama|Thriller
382.0,248.0,2.0,1626129237.0,Drama|Comedy|Action
135.0,367.0,1.0,1616093920.0,Sci-Fi|Adventure
435.0,181.0,5.0,1632749973.0,Thriller|Romance|Drama
416.0,156.0,1.0,1627036029.0,Drama|Action
59.0,196.0,,1626463689.0,Comedy|Romance
307.0,461.0,1.0,1633631658.0,Romance|Adventure
81.0,442.0,3.0,1615218556.0,Romance|Adventure
323.0,380.0,1.0,1612783678.0,Sci-Fi|Romance
302.0,267.0,1.0,1621075694.0,Adventure
105.0,239.0,2.0,1625500820.0,Action
143.0,101.0,3.0,1610338626.0,Action
122.0,360.0,3.0,1632456495.0,Drama
445.0,372.0,1.0,1622228628.0,Action
485.0,140.0,4.0,1614205427.0,Adventure|Action|Comedy
156.0,329.0,4.0,1613411400.0,
333.0,225.0,1.0,1626367530.0,Adventure|Action|Comedy
288.0,495.0,3.0,1626134130.0,Sci-Fi|Adventure
28.0,221.0,2.0,1623982877.0,Thriller
281.0,130.0,3.0,1619981180.0,Romance|Comedy
454.0,355.0,1.0,1636201440.0,Thriller|Adventure|Comedy
,118.0,5.0,1622130322.0,Adventure
59.0,188.0,2.0,1624664199.0,Action|Comedy
236.0,454.0,5.0,1616572175.0,Romance|Drama
223.0,408.0,3.0,1616113392.0,Thriller|Comedy
393.0,480.0,5.0,1637404749.0,Action
218.0,333.0,4.0,1637998942.0,Sci-Fi|Comedy|Thriller
171.0,468.0,3.0,1636348420.0,Romance|Sci-Fi
457.0,387.0,5.0,1630871416.0,Romance|Drama
21.0,435.0,5.0,1611660383.0,Thriller|Drama
203.0,156.0,1.0,1613684255.0,Comedy|Drama
96.0,328.0,1.0,1620357553.0,Thriller
42.0,448.0,2.0,1630055760.0,Action|Sci-Fi
72.0,261.0,2.0,1640498765.0,Thriller|Romance
66.0,464.0,1.0,1616106149.0,Action|Comedy|Sci-Fi
427.0,421.0,4.0,1621506149.0,Comedy|Adventure
235.0,231.0,1.0,1636407641.0,Sci-Fi|Adventure|Drama
30.0,241.0,,1610432021.0,Thriller|Action
294.0,119.0,3.0,1620394517.0,Drama
446.0,415.0,1.0,1625370352.0,Sci-Fi|Adventure|Drama
266.0,214.0,5.0,1625212311.0,Comedy
102.0,344.0,1.0,1620493008.0,Romance|Thriller|Adventure
202.0,160.0,5.0,1630434879.0,Action
275.0,172.0,5.0,1621284210.0,Adventure
24.0,228.0,2.0,1617619058.0,Adventure|Sci-Fi
330.0,420.0,3.0,1625084581.0,Action|Thriller|Adventure
398.0,202.0,5.0,1613309355.0,Adventure|Comedy
450.0,379.0,5.0,1627388020.0,Comedy|Drama
359.0,101.0,5.0,1615027712.0,Romance
109.0,388.0,4.0,1626972066.0,Comedy|Romance
169.0,424.0,4.0,1632672519.0,Drama|Sci-Fi|Romance
239.0,136.0,3.0,1618973577.0,Action
434.0,282.0,3.0,1633676108.0,
411.0,134.0,4.0,1611747146.0,Thriller|Adventure|Sci-Fi
355.0,105.0,4.0,1617736300.0,Romance|Action|Comedy
170.0,390.0,3.0,1637122337.0,Thriller
426.0,350.0,3.0,1633066754.0,Comedy
181.0,411.0,1.0,1626170001.0,Drama
254.0,115.0,1.0,1612251933.0,Sci-Fi|Comedy|Thriller
81.0,248.0,3.0,,Thriller|Romance
188.0,156.0,3.0,1623895688.0,Sci-Fi|Drama|Action
370.0,356.0,3.0,1618308959.0,Romance
388.0,117.0,2.0,1610625110.0,Romance|Adventure
77.0,140.0,,1612395783.0,Comedy|Action|Drama
,351.0,1.0,1639663991.0,Action
229.0,231.0,4.0,1625027278.0,Romance|Drama
78.0,265.0,1.0,1616600980.0,Thriller|Adventure
431.0,488.0,2.0,1618961834.0,Adventure|Sci-Fi|Romance
97.0,478.0,1.0,1623318448.0,Sci-Fi|Romance|Drama
340.0,183.0,1.0,1628716137.0,Comedy|Sci-Fi|Thriller
449.0,152.0,4.0,1615563354.0,Comedy|Romance|Drama
20.0,432.0,5.0,1617485966.0,Adventure|Sci-Fi|Romance
,376.0,2.0,1621586572.0,Romance
365.0,168.0,3.0,1629680333.0,Comedy|Drama
490.0,189.0,4.0,1632612579.0,Sci-Fi|Action|Romance
418.0,422.0,3.0,1610268466.0,Thriller
426.0,368.0,2.0,1634363052.0,Action|Drama|Thriller
102.0,268.0,2.0,1613725167.0,Adventure
58.0,438.0,1.0,1622124526.0,Thriller
400.0,277.0,5.0,1630529985.0,Action|Comedy
133.0,163.0,1.0,1623747465.0,
394.0,430.0,2.0,1635039120.0,
20.0,272.0,4.0,1637090670.0,Adventure|Comedy
217.0,471.0,4.0,1617014892.0,Drama
428.0,257.0,4.0,1633467878.0,Drama|Action|Sci-Fi
230.0,328.0,5.0,1625278911.0,Romance
329.0,497.0,4.0,1609664511.0,Action|Romance|Comedy
265.0,480.0,2.0,1618080409.0,Comedy|Action|Drama
496.0,439.0,3.0,1630082034.0,Adventure|Comedy|Thriller
234.0,361.0,1.0,1624341110.0,Action
219.0,277.0,4.0,1640712633.0,Comedy|Sci-Fi
292.0,427.0,5.0,1640203366.0,Adventure|Drama
463.0,312.0,3.0,1611888352.0,Thriller
418.0,152.0,3.0,1627120267.0,Adventure|Comedy|Romance
473.0,272.0,5.0,1625137598.0,Comedy|Romance
434.0,170.0,1.0,1628363173.0,Thriller|Adventure
302.0,120.0,2.0,1619281546.0,Adventure
377.0,140.0,3.0,1624212829.0,Romance
389.0,115.0,1.0,1620570862.0,Thriller|Sci-Fi
464.0,406.0,2.0,1640616147.0,Drama|Comedy
479.0,131.0,4.0,1622572717.0,Romance
67.0,148.0,5.0,1635990968.0,Sci-Fi|Action|Adventure
452.0,143.0,4.0,1635005021.0,Adventure|Drama
264.0,477.0,1.0,1628880939.0,Action|Thriller|Sci-Fi
148.0,286.0,5.0,1619895637.0,Sci-Fi|Comedy|Romance
264.0,203.0,3.0,1619117605.0,Adventure
434.0,450.0,5.0,1623100109.0,Comedy
12.0,126.0,4.0,1640590826.0,Action
262.0,226.0,3.0,1632433583.0,Romance|Comedy
168.0,,4.0,1610029949.0,Sci-Fi|Comedy|Action
43.0,274.0,2.0,1636113776.0,Thriller
397.0,371.0,3.0,1629649418.0,Thriller|Action|Sci-Fi
308.0,159.0,3.0,1636787414.0,
421.0,284.0,4.0,1626369696.0,Drama
14.0,333.0,2.0,1611307218.0,Sci-Fi
7.0,335.0,2.0,1615922481.0,Action|Thriller
178.0,276.0,1.0,1627369047.0,Sci-Fi|Drama|Adventure
227.0,345.0,3.0,1622932037.0,Romance|Thriller|Sci-Fi
265.0,116.0,1.0,1637522239.0,Sci-Fi|Action
89.0,497.0,1.0,1616879209.0,Romance|Sci-Fi
347.0,316.0,3.0,1635258634.0,Sci-Fi
151.0,254.0,5.0,1640556996.0,Thriller
17.0,327.0,5.0,1612432565.0,Romance
258.0,407.0,2.0,1626452615.0,Comedy|Action|Romance
273.0,101.0,1.0,1635670989.0,Adventure|Sci-Fi|Action
389.0,126.0,1.0,1626876269.0,Sci-Fi|Romance|Drama
429.0,392.0,1.0,1635675041.0,Action|Drama|Sci-Fi
334.0,375.0,1.0,1615231714.0,Comedy|Action
244.0,346.0,5.0,1637126526.0,Thriller|Comedy|Sci-Fi
319.0,272.0,1.0,1640880903.0,Comedy|Thriller|Action
106.0,317.0,4.0,1633782102.0,Sci-Fi|Comedy|Romance
403.0,257.0,,1622707401.0,Sci-Fi
191.0,407.0,2.0,1612489116.0,Thriller|Romance|Action
257.0,438.0,2.0,1635944781.0,Comedy|Drama|Thriller
498.0,165.0,5.0,1625261398.0,Romance|Adventure|Sci-Fi
160.0,322.0,5.0,1620360042.0,Sci-Fi|Adventure
287.0,143.0,4.0,1620224506.0,Drama
493.0,417.0,5.0,1619898531.0,Adventure
481.0,325.0,1.0,1628720505.0,Sci-Fi|Romance
205.0,274.0,5.0,1614995037.0,Drama
45.0,483.0,2.0,1611429628.0,Adventure
45.0,257.0,1.0,1613777260.0,Romance|Comedy
322.0,378.0,4.0,1613370109.0,Thriller|Adventure|Sci-Fi
255.0,114.0,4.0,1624562137.0,Sci-Fi|Action|Thriller
166.0,467.0,1.0,1613897118.0,Comedy|Drama
269.0,260.0,4.0,1621002238.0,Thriller
273.0,397.0,2.0,1617294016.0,Thriller|Romance
453.0,499.0,1.0,1615597926.0,Romance|Thriller
290.0,281.0,2.0,1624448388.0,Adventure|Comedy
165.0,413.0,3.0,1619798122.0,Adventure|Action|Comedy
390.0,475.0,3.0,1621756450.0,Drama|Sci-Fi
424.0,293.0,5.0,1619328884.0,Adventure
162.0,380.0,5.0,1633505735.0,Sci-Fi
320.0,391.0,4.0,1624114777.0,Comedy|Drama
340.0,344.0,5.0,1627966683.0,Adventure
15.0,409.0,4.0,1626939760.0,Drama
156.0,362.0,5.0,1630409527.0,Adventure|Comedy
231.0,162.0,5.0,1621498773.0,Action|Adventure
255.0,331.0,3.0,1617355092.0,Adventure
74.0,404.0,5.0,1612740004.0,Action|Adventure
400.0,418.0,5.0,1617725435.0,Drama|Thriller
6.0,303.0,4.0,1609836857.0,Sci-Fi
156.0,470.0,1.0,1611223368.0,Action|Romance
134.0,158.0,3.0,1628488522.0,Drama|Adventure|Action
121.0,218.0,1.0,1619869874.0,Romance|Sci-Fi|Comedy
169.0,214.0,5.0,1630922400.0,Romance|Drama|Action
351.0,417.0,4.0,1629305893.0,Thriller|Adventure|Comedy
305.0,414.0,4.0,1640969876.0,Drama|Sci-Fi|Comedy
31.0,280.0,4.0,1610955090.0,Thriller|Adventure
404.0,213.0,4.0,1616099174.0,Comedy|Thriller|Sci-Fi
72.0,268.0,4.0,1618896018.0,Thriller
42.0,287.0,1.0,1625888770.0,Sci-Fi|Romance
74.0,231.0,5.0,1617691175.0,Action|Comedy
,119.0,2.0,1616521992.0,Thriller|Adventure
187.0,156.0,5.0,1629854540.0,Comedy|Adventure
190.0,436.0,2.0,1613848646.0,Drama|Comedy
362.0,240.0,4.0,1613823835.0,Drama|Sci-Fi
154.0,463.0,5.0,1617135085.0,Adventure
94.0,325.0,2.0,1611517380.0,Action|Thriller|Drama
455.0,418.0,4.0,1621738435.0,Romance
316.0,433.0,3.0,1626631078.0,Drama
141.0,175.0,5.0,1613329852.0,Drama|Action|Romance
119.0,359.0,2.0,1631110431.0,Adventure|Romance
88.0,114.0,2.0,1634512492.0,Action|Comedy
51.0,194.0,1.0,1632408847.0,Comedy|Drama
253.0,318.0,3.0,1611757544.0,Action
411.0,224.0,4.0,1627595100.0,Drama|Romance
492.0,438.0,4.0,1621729877.0,Comedy|Action|Adventure
,253.0,3.0,1614652702.0,Action|Adventure
94.0,333.0,1.0,1610469642.0,Action|Thriller
455.0,157.0,4.0,1610185404.0,Action|Thriller|Romance
284.0,436.0,1.0,1619770706.0,Romance|Thriller
123.0,223.0,2.0,1620714435.0,Romance
78.0,314.0,3.0,1611325721.0,Thriller|Romance|Comedy
487.0,292.0,5.0,1624671446.0,Adventure|Comedy
214.0,155.0,5.0,1619897151.0,Romance|Adventure
112.0,385.0,1.0,1634249653.0,
360.0,483.0,3.0,1624221149.0,Adventure
293.0,230.0,5.0,1622920755.0,Sci-Fi|Romance|Comedy
195.0,491.0,,1619006937.0,Thriller|Drama|Adventure
462.0,393.0,4.0,1621667924.0,Adventure|Romance|Sci-Fi
465.0,188.0,4.0,1637881520.0,Romance|Comedy
487.0,367.0,1.0,1626630183.0,Comedy|Drama|Adventure
278.0,198.0,5.0,1635384569.0,Sci-Fi|Romance|Adventure
124.0,140.0,4.0,1624173805.0,Adventure
273.0,266.0,1.0,1639750853.0,Sci-Fi|Adventure|Drama
189.0,382.0,3.0,1638216561.0,Action|Comedy
270.0,486.0,4.0,1636913094.0,Adventure|Sci-Fi
314.0,363.0,,1617992033.0,Comedy|Drama|Sci-Fi
436.0,,2.0,1615823243.0,Adventure|Comedy|Action
413.0,131.0,,1615102944.0,Adventure|Sci-Fi
273.0,250.0,1.0,1616021162.0,Thriller
72.0,406.0,5.0,1633711536.0,Adventure|Action|Sci-Fi
255.0,410.0,2.0,1631502664.0,Sci-Fi|Drama|Adventure
76.0,445.0,3.0,1624314641.0,Action|Drama
411.0,198.0,,1619383557.0,Action|Thriller
423.0,464.0,4.0,1639901888.0,Romance
116.0,373.0,3.0,1614143871.0,Sci-Fi|Drama
420.0,158.0,3.0,1620787164.0,Adventure|Comedy|Sci-Fi
209.0,107.0,1.0,1626394123.0,Comedy
360.0,198.0,3.0,1640655929.0,Sci-Fi|Romance
299.0,288.0,4.0,1612389353.0,Sci-Fi|Comedy
179.0,437.0,1.0,1629773026.0,Comedy|Romance
3.0,480.0,3.0,1612543217.0,Thriller|Romance|Comedy
187.0,405.0,5.0,1618723123.0,Thriller|Adventure|Romance
500.0,412.0,3.0,1616344783.0,Comedy|Drama|Thriller
195.0,148.0,3.0,1633718872.0,Action|Adventure
384.0,428.0,1.0,1637045744.0,Drama
136.0,,1.0,1632365955.0,Comedy|Sci-Fi
325.0,277.0,4.0,1616201384.0,Thriller|Action|Comedy
368.0,120.0,1.0,1613430467.0,Drama|Comedy|Action
236.0,390.0,4.0,1640592253.0,Romance|Drama
169.0,152.0,5.0,1633318798.0,Romance|Sci-Fi|Comedy
369.0,269.0,2.0,1625485959.0,Sci-Fi
466.0,305.0,5.0,1623801497.0,Sci-Fi
68.0,244.0,3.0,1635121104.0,Drama
362.0,378.0,1.0,1634567100.0,Drama
25.0,500.0,2.0,1616790977.0,Drama|Romance
421.0,143.0,4.0,1610929810.0,Romance
484.0,230.0,3.0,1625641709.0,Adventure|Thriller
291.0,209.0,1.0,1630599676.0,Action|Drama|Sci-Fi
77.0,158.0,3.0,1634242590.0,Comedy|Drama
109.0,300.0,1.0,1617760697.0,Comedy|Sci-Fi
98.0,359.0,4.0,1638290337.0,Adventure|Thriller|Action
229.0,430.0,1.0,1618847288.0,Romance
141.0,157.0,4.0,1620664144.0,Action
17.0,171.0,2.0,1633752847.0,Thriller
464.0,171.0,3.0,1640556939.0,Sci-Fi
252.0,498.0,2.0,1613264535.0,Drama
338.0,275.0,4.0,1609884779.0,Romance
134.0,405.0,3.0,1626718290.0,Drama|Adventure|Comedy
367.0,303.0,1.0,1639293507.0,Drama|Romance
441.0,188.0,2.0,1633242556.0,Comedy|Thriller|Romance
167.0,278.0,1.0,1633963380.0,Comedy|Sci-Fi
224.0,175.0,1.0,1640012586.0,Drama
,185.0,3.0,1634754209.0,Drama|Thriller|Adventure
170.0,,1.0,1640447463.0,Thriller|Drama|Adventure
182.0,395.0,4.0,1629046286.0,Thriller
55.0,271.0,3.0,1633499471.0,Sci-Fi
259.0,107.0,1.0,1616245805.0,Action
113.0,181.0,5.0,1620149471.0,Sci-Fi|Action
334.0,490.0,3.0,1639148801.0,Adventure
371.0,416.0,1.0,1631014135.0,Comedy|Romance|Adventure
302.0,225.0,5.0,1619359578.0,Drama|Action
404.0,163.0,1.0,1610759160.0,Romance|Action
159.0,368.0,1.0,1628124827.0,Action|Romance|Thriller
,169.0,2.0,1622535006.0,Romance|Sci-Fi
117.0,416.0,1.0,1625437220.0,Romance
152.0,246.0,2.0,1617208316.0,Comedy|Romance
187.0,236.0,2.0,1629864057.0,Drama
448.0,103.0,1.0,1623182772.0,Sci-Fi|Comedy
24.0,342.0,3.0,1640077196.0,Romance|Sci-Fi|Comedy
83.0,133.0,1.0,1612299950.0,Thriller|Comedy
174.0,483.0,5.0,1631118172.0,Sci-Fi
292.0,421.0,5.0,1612901805.0,Adventure|Sci-Fi|Romance
176.0,432.0,1.0,1614901137.0,Comedy
180.0,,5.0,1625664415.0,Comedy|Romance
336.0,486.0,5.0,1610437212.0,Romance|Thriller
234.0,223.0,1.0,1616323045.0,Romance
434.0,168.0,5.0,1615833405.0,Adventure|Action|Drama
270.0,210.0,1.0,1613215154.0,Action|Sci-Fi|Romance
334.0,496.0,4.0,1620307405.0,Thriller|Action|Drama
220.0,155.0,2.0,1630185123.0,Action|Comedy
116.0,420.0,3.0,1639365293.0,Sci-Fi|Action|Thriller
25.0,337.0,3.0,1635157184.0,Thriller
465.0,316.0,4.0,1617865670.0,Sci-Fi|Drama|Romance
123.0,339.0,1.0,1616150781.0,Drama|Action
33.0,365.0,5.0,1629365093.0,Comedy
295.0,467.0,2.0,1617115334.0,Comedy
438.0,375.0,3.0,1632771446.0,Action|Thriller
139.0,459.0,1.0,1618571121.0,Sci-Fi
170.0,221.0,5.0,1621457396.0,Comedy|Adventure
202.0,415.0,2.0,1617080211.0,Sci-Fi|Thriller|Action
127.0,265.0,4.0,1631853089.0,Comedy|Thriller|Romance
354.0,486.0,4.0,1638456572.0,Drama|Comedy
,101.0,2.0,1613693558.0,Adventure
348.0,220.0,2.0,1636490295.0,Romance
192.0,320.0,4.0,1627497663.0,Sci-Fi|Thriller
425.0,198.0,4.0,1633193419.0,Adventure|Romance
12.0,224.0,2.0,1622365334.0,Romance
156.0,181.0,2.0,1618546224.0,Thriller|Action|Romance
318.0,375.0,1.0,1618527454.0,Sci-Fi
57.0,123.0,2.0,1631740383.0,Adventure|Sci-Fi
167.0,222.0,5.0,1610156749.0,Action|Thriller
182.0,337.0,4.0,1630566221.0,Drama|Comedy
294.0,285.0,2.0,1615854425.0,Drama|Action|Adventure
91.0,410.0,1.0,1611701274.0,Drama
167.0,111.0,3.0,1625727111.0,Adventure|Drama
289.0,461.0,2.0,1621590795.0,Adventure
290.0,424.0,5.0,1610547447.0,Romance|Drama|Thriller
279.0,201.0,5.0,1628002223.0,Thriller|Comedy|Drama
459.0,124.0,5.0,1628414313.0,Drama|Adventure|Action
29.0,397.0,4.0,1614574742.0,Comedy
353.0,185.0,4.0,1617316770.0,Sci-Fi|Comedy
114.0,499.0,4.0,1612725990.0,Drama|Thriller
36.0,212.0,3.0,1640744669.0,Thriller|Sci-Fi
418.0,455.0,5.0,1611255166.0,Adventure|Thriller
486.0,208.0,2.0,1636808443.0,Action|Comedy|Drama
90.0,328.0,4.0,1621456319.0,Thriller|Adventure|Romance
110.0,213.0,4.0,1626254671.0,Romance|Adventure
215.0,439.0,4.0,1629954660.0,Drama
199.0,334.0,2.0,1639386910.0,Sci-Fi|Romance|Action
300.0,124.0,2.0,1617486545.0,Sci-Fi|Action|Romance
315.0,117.0,3.0,1625165379.0,Comedy|Adventure|Romance
51.0,330.0,2.0,1639823909.0,Sci-Fi|Comedy
376.0,383.0,3.0,1623267066.0,Romance
388.0,420.0,5.0,1639104704.0,Comedy|Sci-Fi
115.0,317.0,4.0,1620040683.0,Sci-Fi|Comedy|Adventure
6.0,493.0,1.0,1625690637.0,Adventure
226.0,436.0,1.0,1631500410.0,Drama
110.0,384.0,5.0,1614814111.0,Romance|Drama
370.0,433.0,5.0,1612962545.0,Sci-Fi|Adventure
23.0,101.0,4.0,1618798821.0,Thriller
387.0,252.0,5.0,1627587027.0,Comedy
103.0,197.0,2.0,1612456087.0,Romance|Action
90.0,297.0,5.0,1636876077.0,Romance|Thriller|Sci-Fi
197.0,492.0,3.0,1625563557.0,Thriller
200.0,293.0,3.0,1639364142.0,Action|Drama
170.0,458.0,1.0,1630111104.0,
462.0,359.0,1.0,1640292466.0,Drama|Adventure|Comedy
330.0,164.0,1.0,1621082889.0,Romance
456.0,441.0,3.0,1620180191.0,Action
136.0,328.0,2.0,1622516426.0,Sci-Fi|Adventure|Thriller
390.0,153.0,2.0,1637984545.0,Adventure
104.0,365.0,5.0,1634249984.0,Action|Thriller
170.0,238.0,5.0,1636355905.0,Comedy
102.0,,2.0,1631129054.0,Adventure|Action
434.0,,3.0,1620389372.0,Adventure|Drama
312.0,125.0,4.0,1628890882.0,Thriller|Adventure
34.0,113.0,5.0,1633045907.0,Adventure
331.0,212.0,4.0,1632168619.0,Comedy
228.0,336.0,,1620568986.0,Sci-Fi|Thriller
244.0,253.0,3.0,1621897068.0,Sci-Fi|Adventure|Romance
290.0,168.0,5.0,1637148959.0,Thriller|Comedy|Adventure
224.0,483.0,3.0,1615346675.0,Drama|Romance
50.0,385.0,3.0,1613087265.0,Thriller
400.0,408.0,4.0,1633823222.0,Thriller
232.0,147.0,1.0,1634571840.0,Action
479.0,356.0,4.0,1617425089.0,Comedy|Adventure|Sci-Fi
380.0,368.0,2.0,1612530072.0,Drama
172.0,181.0,5.0,1624732209.0,Romance
72.0,232.0,4.0,1620270219.0,Sci-Fi|Drama
220.0,133.0,2.0,1613573201.0,Drama
425.0,385.0,1.0,1622997320.0,Sci-Fi|Romance|Comedy
253.0,431.0,3.0,1623035402.0,Action
436.0,358.0,1.0,1626366000.0,Adventure|Romance|Drama
80.0,,3.0,1632546831.0,Romance
304.0,433.0,4.0,1617785851.0,Adventure
143.0,114.0,1.0,1611541690.0,Comedy|Sci-Fi
64.0,279.0,1.0,1634668625.0,Sci-Fi|Drama|Adventure
1.0,143.0,2.0,1638885124.0,Drama|Adventure
194.0,179.0,5.0,1615391760.0,Comedy
283.0,389.0,2.0,1615698364.0,Romance
136.0,263.0,4.0,1611864073.0,Sci-Fi|Drama
24.0,247.0,1.0,1613418995.0,Sci-Fi|Thriller
296.0,250.0,5.0,1629059218.0,Comedy
170.0,214.0,4.0,1635449261.0,Sci-Fi|Comedy
448.0,407.0,5.0,1631525449.0,Comedy|Thriller
185.0,314.0,4.0,1620229413.0,Romance|Drama|Adventure
441.0,251.0,5.0,1615299338.0,Thriller|Romance
302.0,139.0,5.0,1631829433.0,Adventure|Action|Thriller
154.0,207.0,1.0,1618689296.0,Romance|Sci-Fi
318.0,388.0,2.0,1615539987.0,Thriller|Drama
378.0,204.0,3.0,1627851470.0,Thriller|Romance|Action
80.0,293.0,4.0,1636401587.0,Sci-Fi
262.0,445.0,5.0,1628373106.0,Comedy
120.0,169.0,,1632193555.0,Adventure|Sci-Fi
269.0,246.0,5.0,1614834211.0,Action|Sci-Fi|Drama
278.0,176.0,1.0,1611451692.0,Adventure|Thriller|Drama
328.0,214.0,1.0,1633009089.0,Adventure
8.0,421.0,5.0,1619641203.0,Comedy|Thriller|Adventure
246.0,135.0,5.0,1610517009.0,Thriller|Drama
12.0,239.0,2.0,1618589991.0,Action|Romance|Comedy
186.0,187.0,5.0,1632361612.0,Comedy|Action
393.0,113.0,5.0,1609523625.0,Thriller|Sci-Fi
45.0,427.0,3.0,1629024878.0,Thriller|Action|Drama
,202.0,3.0,1622882998.0,Sci-Fi|Romance
132.0,436.0,3.0,1628138652.0,Sci-Fi|Action|Romance
130.0,250.0,2.0,1615293394.0,Romance|Comedy|Drama
61.0,484.0,2.0,1631662209.0,Comedy|Action
392.0,493.0,2.0,1631752602.0,Adventure|Romance
485.0,367.0,3.0,1638233367.0,Adventure|Romance
431.0,136.0,4.0,1622708750.0,Drama|Thriller
396.0,423.0,2.0,1619447911.0,Action|Romance
21.0,249.0,2.0,1629042019.0,Drama
32.0,347.0,3.0,1627298780.0,Drama
307.0,260.0,5.0,1609904951.0,Comedy|Thriller
270.0,142.0,1.0,1613183377.0,Drama|Romance|Comedy
,204.0,3.0,1627026101.0,Action|Thriller
433.0,402.0,1.0,1628668930.0,Action
282.0,250.0,4.0,1623891100.0,Action|Drama|Sci-Fi
498.0,456.0,3.0,1623636798.0,Sci-Fi|Adventure|Comedy
123.0,336.0,1.0,1637967102.0,Drama|Thriller|Adventure
261.0,336.0,5.0,1633258716.0,Adventure|Drama|Action
363.0,384.0,5.0,1615243409.0,Adventure
181.0,272.0,4.0,1619372343.0,Romance|Sci-Fi
320.0,134.0,5.0,1627297128.0,Action|Adventure|Thriller
299.0,350.0,2.0,1612949330.0,Adventure|Action|Thriller
235.0,461.0,5.0,1638170280.0,Romance
343.0,160.0,3.0,1612226671.0,Drama
70.0,187.0,1.0,1620108864.0,Comedy|Action|Sci-Fi
315.0,300.0,1.0,1619925453.0,Action
20.0,279.0,3.0,1634961190.0,Comedy|Thriller
306.0,497.0,2.0,1618971625.0,Comedy
457.0,463.0,1.0,1627464806.0,Adventure|Sci-Fi
275.0,490.0,5.0,1622706473.0,Action|Comedy
8.0,487.0,2.0,1616719838.0,Sci-Fi|Comedy|Adventure
398.0,,4.0,1609845005.0,Drama|Comedy|Sci-Fi
258.0,291.0,2.0,1625671332.0,Adventure
,111.0,2.0,1639773844.0,Adventure
185.0,131.0,1.0,1636239392.0,Sci-Fi|Thriller|Action
152.0,252.0,3.0,1629481358.0,
77.0,207.0,3.0,1623468637.0,Thriller|Action|Comedy
306.0,143.0,3.0,1630947852.0,Comedy
384.0,253.0,3.0,1620738118.0,Drama
319.0,378.0,3.0,1611720635.0,Thriller|Action
212.0,438.0,1.0,1624377852.0,Drama|Action
476.0,233.0,1.0,1624807951.0,Drama|Sci-Fi
36.0,307.0,2.0,1610785293.0,Thriller|Romance
304.0,325.0,4.0,1618545879.0,Action|Drama
379.0,248.0,2.0,1635308041.0,Action|Thriller
165.0,240.0,3.0,1617957379.0,Romance|Action
411.0,423.0,2.0,1611983226.0,Action|Romance|Comedy
171.0,443.0,2.0,1612278728.0,Adventure|Action
354.0,,4.0,,Sci-Fi
219.0,432.0,2.0,1618800183.0,Thriller|Sci-Fi|Romance
273.0,340.0,4.0,1625901975.0,Adventure
224.0,216.0,2.0,1614633229.0,Comedy|Thriller
192.0,427.0,4.0,1627901719.0,Thriller
371.0,489.0,4.0,1617959896.0,Comedy|Thriller|Adventure
258.0,281.0,2.0,1636647468.0,Adventure
439.0,268.0,5.0,1632204202.0,Action|Thriller
68.0,468.0,3.0,1624568694.0,Adventure
40.0,419.0,3.0,1621122229.0,Thriller|Comedy
255.0,392.0,3.0,1614847264.0,
230.0,308.0,2.0,1633204385.0,Action|Comedy
482.0,474.0,2.0,1635173106.0,Action
23.0,404.0,4.0,1612013353.0,Adventure|Action
492.0,311.0,2.0,1637904136.0,Comedy|Drama|Thriller
190.0,214.0,4.0,1617368301.0,Romance|Sci-Fi
425.0,,3.0,1618213461.0,Thriller|Drama
316.0,239.0,5.0,1630432364.0,Thriller
426.0,300.0,1.0,1628789411.0,Adventure
262.0,347.0,2.0,1634054657.0,Sci-Fi|Drama|Action
1.0,393.0,1.0,1622911378.0,Comedy
223.0,114.0,3.0,1613785972.0,Drama
254.0,296.0,2.0,1618340658.0,Sci-Fi|Thriller
382.0,139.0,5.0,1640679352.0,Drama|Romance|Comedy
318.0,292.0,2.0,1632619189.0,Thriller
92.0,123.0,5.0,1623546425.0,Action|Comedy|Thriller
178.0,314.0,1.0,1626856376.0,Sci-Fi
283.0,402.0,2.0,1638435931.0,Romance
84.0,469.0,5.0,1639842086.0,Thriller|Drama
446.0,357.0,4.0,1635545601.0,Comedy|Adventure|Sci-Fi
90.0,472.0,5.0,1637484242.0,Action|Thriller|Drama
65.0,367.0,3.0,1632762774.0,Drama|Sci-Fi
385.0,443.0,4.0,1627555373.0,Comedy|Drama|Romance
60.0,395.0,3.0,1637755796.0,Romance|Thriller
359.0,144.0,2.0,1615381703.0,Thriller|Drama|Action
,200.0,3.0,1624705273.0,Adventure|Comedy|Thriller
348.0,103.0,4.0,1617963729.0,Sci-Fi|Thriller
291.0,115.0,4.0,1628728447.0,Comedy
354.0,182.0,3.0,1613964324.0,Drama
499.0,192.0,3.0,1627126169.0,Romance
26.0,466.0,2.0,1636319034.0,Thriller|Adventure
330.0,326.0,3.0,1630184098.0,Thriller|Adventure
390.0,381.0,2.0,1623301880.0,Sci-Fi
319.0,349.0,,1640024236.0,Comedy
260.0,223.0,1.0,1628839873.0,Drama|Action
286.0,450.0,5.0,1610690228.0,Action|Comedy
73.0,140.0,2.0,1611203967.0,Adventure|Sci-Fi
476.0,237.0,3.0,1612026425.0,Adventure
,483.0,2.0,1637808822.0,Drama
429.0,174.0,1.0,1614352322.0,Adventure|Romance
236.0,154.0,1.0,1617085494.0,Thriller|Adventure|Romance
40.0,483.0,5.0,1627428536.0,Thriller
28.0,,1.0,1611577178.0,Action|Comedy
296.0,500.0,4.0,1612315924.0,Thriller
74.0,124.0,1.0,1611528365.0,Drama|Romance
45.0,222.0,1.0,1613239040.0,Adventure
465.0,281.0,1.0,1624299578.0,Sci-Fi
,231.0,3.0,1640607643.0,Adventure|Sci-Fi|Romance
165.0,240.0,1.0,1622860257.0,Comedy|Drama|Thriller
329.0,212.0,3.0,1610595432.0,Drama|Thriller|Romance
11.0,177.0,3.0,1624919432.0,Adventure|Romance|Thriller
469.0,496.0,4.0,1610408576.0,Drama|Comedy|Thriller
296.0,307.0,2.0,1628585335.0,Action|Adventure|Comedy
428.0,456.0,2.0,1628058578.0,Comedy|Adventure|Action
310.0,302.0,5.0,1620743491.0,Adventure|Sci-Fi|Romance
242.0,288.0,4.0,1620159465.0,Action|Drama|Sci-Fi
132.0,,3.0,1620909748.0,Romance
15.0,452.0,2.0,1616646460.0,Action
23.0,123.0,3.0,1623190227.0,Comedy
312.0,321.0,3.0,1639227893.0,Adventure|Action|Romance
156.0,125.0,,1616264053.0,Thriller
256.0,310.0,3.0,1624732819.0,Adventure|Drama
449.0,286.0,1.0,1634581235.0,Drama
482.0,295.0,1.0,1612955227.0,Comedy|Drama
245.0,408.0,4.0,1611944763.0,Adventure|Comedy|Drama
413.0,491.0,1.0,1628831069.0,Drama|Sci-Fi|Action
278.0,394.0,4.0,1640590960.0,Sci-Fi
36.0,232.0,1.0,1612110913.0,Sci-Fi|Adventure
188.0,139.0,1.0,1618763572.0,Adventure
372.0,230.0,4.0,1611096032.0,Drama|Adventure
167.0,306.0,3.0,1616405309.0,Action
177.0,115.0,1.0,1630075055.0,Action|Adventure|Drama
136.0,352.0,4.0,1628682100.0,Comedy
229.0,482.0,5.0,1611746383.0,Adventure
11.0,157.0,5.0,1620406845.0,Comedy
438.0,171.0,5.0,1624933032.0,Thriller|Drama|Sci-Fi
76.0,182.0,5.0,1618456171.0,Sci-Fi|Adventure
,457.0,1.0,1617467163.0,Romance|Comedy
478.0,489.0,3.0,1616748459.0,
15.0,475.0,1.0,,Comedy|Adventure|Romance
471.0,223.0,4.0,1636508306.0,Adventure|Sci-Fi
191.0,156.0,4.0,1619768113.0,Comedy|Romance|Action
254.0,130.0,2.0,1633121349.0,Adventure
230.0,497.0,1.0,1609971890.0,Action|Comedy|Sci-Fi
184.0,500.0,5.0,1627835213.0,Romance
407.0,244.0,3.0,1636591738.0,Comedy
279.0,476.0,3.0,1628977897.0,Adventure|Comedy|Drama
31.0,492.0,1.0,1631981055.0,Thriller|Comedy|Adventure
400.0,253.0,4.0,1635615343.0,Adventure
161.0,436.0,4.0,1620140227.0,Adventure|Comedy|Sci-Fi
337.0,308.0,3.0,1631644305.0,Sci-Fi
332.0,210.0,1.0,1625720049.0,Romance
468.0,274.0,3.0,1632219658.0,Adventure|Comedy|Thriller
19.0,392.0,3.0,1634166762.0,Thriller|Drama|Comedy
402.0,181.0,2.0,1628150442.0,Sci-Fi
247.0,160.0,4.0,1614609630.0,Comedy|Thriller|Action
232.0,211.0,3.0,1610809867.0,Adventure|Sci-Fi|Romance
266.0,450.0,3.0,1634965459.0,Romance
486.0,251.0,3.0,1633018351.0,Romance|Adventure
491.0,223.0,2.0,1634570270.0,Comedy
128.0,117.0,3.0,,Adventure
327.0,447.0,5.0,1627884009.0,Thriller|Comedy
26.0,174.0,5.0,1612518050.0,Action|Drama
490.0,140.0,4.0,1627130426.0,Thriller|Romance|Drama
374.0,184.0,5.0,1632352047.0,Thriller
395.0,,5.0,1627236516.0,Action|Comedy
394.0,440.0,4.0,1626413778.0,Sci-Fi|Thriller|Comedy
364.0,327.0,4.0,1612464272.0,Comedy|Thriller|Drama
143.0,220.0,1.0,1637920637.0,Thriller|Romance
209.0,431.0,1.0,1633960130.0,Thriller|Adventure|Sci-Fi
379.0,207.0,4.0,1621411065.0,Action
419.0,262.0,2.0,1624249633.0,Adventure|Comedy
421.0,462.0,4.0,1634709377.0,Thriller
420.0,376.0,1.0,1611035901.0,Comedy|Thriller|Romance
290.0,194.0,1.0,1626324802.0,Adventure
115.0,350.0,4.0,1635452032.0,Romance|Sci-Fi|Comedy
27.0,238.0,4.0,1619121066.0,Sci-Fi
366.0,299.0,5.0,1631087199.0,Sci-Fi|Comedy
240.0,227.0,2.0,1638423631.0,Adventure|Romance
492.0,174.0,2.0,1627798441.0,Action
177.0,190.0,4.0,1630177394.0,Sci-Fi|Comedy|Action
342.0,250.0,3.0,1619976247.0,Action|Drama
10.0,474.0,1.0,1615555104.0,Action|Drama
332.0,186.0,1.0,1625329341.0,Action|Adventure|Comedy
93.0,446.0,2.0,1628475367.0,Romance|Action
300.0,256.0,3.0,1611946467.0,Thriller|Drama|Romance
299.0,152.0,4.0,1611075190.0,Action|Romance|Thriller
138.0,314.0,2.0,1627348261.0,Thriller|Sci-Fi
82.0,271.0,2.0,1623814307.0,Action|Thriller|Drama
323.0,270.0,5.0,1626725162.0,Drama|Comedy
415.0,310.0,4.0,1639232189.0,Romance
431.0,165.0,1.0,1624874480.0,Comedy
335.0,389.0,2.0,1629395804.0,Sci-Fi
283.0,274.0,5.0,1616055484.0,Romance|Sci-Fi
319.0,223.0,3.0,1623654059.0,Comedy
311.0,178.0,3.0,1640557940.0,Drama
214.0,334.0,3.0,1627382939.0,Adventure|Comedy
474.0,448.0,1.0,1640807551.0,Drama|Action
15.0,162.0,3.0,1618384441.0,Adventure|Action|Thriller
288.0,198.0,1.0,1625362510.0,Sci-Fi|Thriller|Drama
129.0,170.0,5.0,1616619584.0,Adventure|Drama|Romance
268.0,404.0,2.0,1622524970.0,Romance|Drama|Action
353.0,327.0,2.0,1634036103.0,Drama|Comedy|Romance
391.0,431.0,3.0,1625410838.0,Sci-Fi|Romance|Adventure
10.0,148.0,5.0,1639869593.0,Adventure
53.0,467.0,4.0,1633657185.0,Romance
282.0,198.0,3.0,1633204141.0,Romance|Comedy
291.0,182.0,1.0,1613990538.0,Romance|Action
292.0,490.0,2.0,1619197125.0,Thriller|Romance
322.0,445.0,1.0,1630552081.0,Romance
121.0,291.0,5.0,1624180967.0,
462.0,112.0,4.0,1639025344.0,Action|Drama|Adventure
175.0,284.0,4.0,1639354195.0,Adventure|Sci-Fi|Comedy
161.0,109.0,4.0,1623537331.0,Romance|Thriller
285.0,347.0,4.0,1627738806.0,Comedy|Thriller
19.0,198.0,2.0,1632979940.0,Sci-Fi
493.0,337.0,5.0,1618309735.0,Adventure|Comedy|Romance
194.0,470.0,3.0,1639281171.0,Thriller|Adventure|Comedy
145.0,437.0,1.0,1632956355.0,Thriller|Sci-Fi|Adventure
249.0,473.0,5.0,1611987481.0,Comedy
414.0,170.0,5.0,1617797994.0,Adventure|Action
321.0,191.0,5.0,1638747417.0,Thriller
210.0,355.0,5.0,1615665701.0,Action
372.0,369.0,4.0,1609610032.0,Comedy|Romance
441.0,399.0,3.0,1622789611.0,Thriller|Romance
454.0,120.0,5.0,1619401835.0,Romance|Comedy
396.0,452.0,5.0,1625142309.0,Action|Drama|Romance
442.0,156.0,4.0,1620049321.0,Adventure|Comedy
204.0,174.0,3.0,1625931494.0,Comedy
78.0,282.0,2.0,1632536395.0,Thriller|Comedy
38.0,435.0,4.0,1628586175.0,Adventure|Drama|Action
152.0,134.0,4.0,1624598502.0,Romance|Comedy
311.0,174.0,3.0,1639355913.0,Romance
299.0,208.0,4.0,1614086805.0,Thriller
492.0,272.0,2.0,1634577165.0,Action|Adventure|Drama
3.0,406.0,1.0,1628787157.0,Thriller
271.0,468.0,1.0,1620822112.0,Romance
478.0,379.0,3.0,1609741843.0,Action|Thriller|Sci-Fi
287.0,324.0,5.0,1625789535.0,Drama|Romance|Thriller
391.0,317.0,2.0,1611950297.0,Thriller|Action
176.0,399.0,4.0,1632660807.0,Comedy|Action
451.0,192.0,3.0,1621642348.0,Drama|Comedy|Adventure
64.0,362.0,5.0,1614338438.0,Thriller|Romance|Drama
434.0,171.0,2.0,1627419810.0,Romance
496.0,423.0,1.0,1620243513.0,Drama
145.0,221.0,2.0,1633530771.0,Adventure|Comedy|Drama
356.0,177.0,2.0,1632362006.0,Comedy
267.0,286.0,5.0,1637204089.0,Comedy|Thriller|Drama
63.0,209.0,5.0,1624726073.0,
140.0,365.0,4.0,1640132362.0,Romance|Sci-Fi|Thriller
374.0,363.0,3.0,1623509145.0,
406.0,441.0,5.0,1619148688.0,Thriller
193.0,168.0,1.0,1634934533.0,Drama
205.0,490.0,3.0,1634336406.0,Thriller
290.0,131.0,2.0,1624457316.0,Comedy|Adventure
33.0,123.0,3.0,1625954497.0,Drama|Action
169.0,389.0,4.0,1640409694.0,Adventure
480.0,169.0,3.0,1616587137.0,Thriller
434.0,276.0,1.0,1612711929.0,Drama|Sci-Fi
492.0,481.0,1.0,1633758179.0,Thriller|Drama|Comedy
117.0,418.0,2.0,1631544782.0,
442.0,344.0,3.0,1622703219.0,Romance|Action
355.0,322.0,1.0,1636028114.0,Romance|Thriller
140.0,235.0,2.0,1622807846.0,Action|Thriller|Comedy
269.0,298.0,4.0,1635453606.0,Romance|Sci-Fi
481.0,230.0,5.0,1623665827.0,Thriller|Comedy|Romance
44.0,235.0,4.0,1627953209.0,Adventure
126.0,,2.0,1620651476.0,Comedy
403.0,322.0,2.0,1636908018.0,Thriller
285.0,125.0,3.0,1626170183.0,Adventure
155.0,141.0,1.0,1625975695.0,Thriller|Drama|Romance
313.0,292.0,5.0,1621642343.0,Comedy
459.0,490.0,3.0,1622605223.0,Sci-Fi
489.0,127.0,4.0,1637031353.0,Thriller|Sci-Fi
191.0,364.0,3.0,1620940329.0,Sci-Fi
19.0,343.0,5.0,1625492729.0,Drama|Sci-Fi|Romance
81.0,332.0,5.0,1633131227.0,Action|Romance
145.0,499.0,4.0,1633017509.0,Drama|Romance|Adventure
401.0,113.0,3.0,1618155052.0,Romance|Action
21.0,190.0,3.0,1624146504.0,Drama
481.0,408.0,3.0,1638075941.0,Sci-Fi
179.0,248.0,5.0,1623362068.0,Sci-Fi|Thriller
406.0,313.0,2.0,1616278364.0,Thriller
358.0,284.0,2.0,1636097378.0,Thriller|Sci-Fi
434.0,181.0,2.0,1628064862.0,Action
60.0,371.0,2.0,1639041341.0,Drama|Thriller
137.0,444.0,4.0,1625458143.0,Drama
175.0,336.0,4.0,1638669385.0,Action|Thriller|Romance
23.0,193.0,4.0,1636855191.0,Adventure|Romance
225.0,383.0,5.0,1638083991.0,Action
402.0,165.0,2.0,1638367684.0,Thriller|Adventure|Romance
180.0,310.0,4.0,1622660173.0,Comedy|Drama
152.0,381.0,4.0,1616193131.0,Drama
74.0,264.0,3.0,1622542363.0,Adventure|Thriller
9.0,387.0,1.0,1638920106.0,Thriller
335.0,348.0,4.0,1628167975.0,Comedy|Drama
361.0,318.0,3.0,1619048602.0,Romance|Drama
97.0,204.0,5.0,1614275333.0,Action|Romance|Adventure
421.0,244.0,3.0,1621063164.0,Sci-Fi|Comedy
296.0,172.0,3.0,1614715152.0,Comedy|Thriller|Drama
176.0,205.0,5.0,1622619601.0,Sci-Fi|Romance
22.0,372.0,2.0,1610456499.0,Action
198.0,469.0,2.0,1623870002.0,Sci-Fi
150.0,178.0,4.0,1611812385.0,Action
285.0,286.0,4.0,1614031958.0,Comedy|Adventure
322.0,483.0,2.0,1611942049.0,Action|Thriller
71.0,102.0,5.0,1636488541.0,Drama|Romance
74.0,373.0,4.0,1617485968.0,Drama|Sci-Fi|Action
459.0,209.0,4.0,1620811890.0,Romance
122.0,442.0,5.0,1637435405.0,Drama
66.0,369.0,3.0,1628851347.0,Thriller
110.0,471.0,5.0,1624353704.0,Romance|Sci-Fi
445.0,301.0,1.0,1635133350.0,Thriller|Comedy|Drama
143.0,386.0,5.0,1640444540.0,Thriller|Drama
232.0,368.0,5.0,1629570804.0,Comedy|Drama
220.0,124.0,5.0,1612678877.0,Adventure
19.0,394.0,1.0,1636253408.0,Comedy
76.0,411.0,2.0,1620431204.0,Comedy|Romance
61.0,283.0,1.0,1628447672.0,Action
273.0,368.0,5.0,1638704007.0,Thriller|Romance|Sci-Fi
307.0,113.0,3.0,,Thriller
173.0,199.0,3.0,1623695628.0,Adventure
471.0,461.0,3.0,1611846666.0,Adventure|Comedy
173.0,210.0,2.0,1617828704.0,Action
121.0,421.0,2.0,1613482355.0,Comedy|Thriller|Action
215.0,110.0,1.0,1616828831.0,Romance|Thriller
406.0,214.0,1.0,1622196234.0,Action
469.0,459.0,3.0,1636277140.0,
261.0,211.0,2.0,1638264732.0,Romance|Action|Comedy
126.0,317.0,2.0,1612969486.0,Romance|Adventure
235.0,196.0,2.0,1626743953.0,Thriller|Drama
493.0,192.0,1.0,1616823508.0,Thriller
329.0,389.0,5.0,1622856452.0,Drama|Action|Thriller
58.0,222.0,4.0,1625905253.0,Comedy|Adventure
58.0,443.0,4.0,1620837340.0,Sci-Fi|Action|Comedy
218.0,408.0,3.0,,Action|Thriller
80.0,386.0,4.0,1618674125.0,Sci-Fi|Drama|Thriller
327.0,346.0,3.0,1622953803.0,Adventure|Sci-Fi
50.0,160.0,2.0,1621927995.0,Drama|Adventure
467.0,460.0,2.0,1636125829.0,Sci-Fi
297.0,438.0,3.0,1632131313.0,Romance|Thriller|Comedy
235.0,320.0,2.0,1626152159.0,Sci-Fi
387.0,218.0,4.0,1638721429.0,Thriller|Drama|Romance
494.0,490.0,4.0,1635332012.0,Adventure|Action
479.0,167.0,3.0,1631434663.0,Sci-Fi|Thriller
18.0,381.0,5.0,1630111465.0,Comedy
75.0,339.0,4.0,1631153259.0,Comedy
400.0,168.0,2.0,1613224519.0,Adventure|Thriller
389.0,456.0,3.0,1614203047.0,Comedy|Drama|Adventure
483.0,162.0,5.0,1618307676.0,Comedy
109.0,105.0,1.0,1615941753.0,Drama|Sci-Fi
436.0,303.0,2.0,1629181066.0,Sci-Fi|Comedy
383.0,205.0,,1610376271.0,Adventure|Sci-Fi|Comedy
296.0,342.0,2.0,1615769408.0,Adventure|Thriller
498.0,410.0,1.0,1640276421.0,Sci-Fi
290.0,226.0,1.0,1621715793.0,Action|Comedy
497.0,134.0,1.0,1634696493.0,Action
394.0,481.0,2.0,1640742079.0,Comedy
97.0,406.0,1.0,1634667437.0,Thriller
292.0,286.0,5.0,1640210903.0,Drama
145.0,348.0,4.0,1616817099.0,Comedy
119.0,420.0,3.0,,Comedy|Thriller
325.0,425.0,3.0,1639961957.0,Comedy
454.0,149.0,4.0,,Sci-Fi|Action
32.0,439.0,1.0,1617418772.0,Comedy
343.0,324.0,4.0,1612206301.0,Romance
132.0,331.0,3.0,1615817707.0,Comedy
130.0,309.0,4.0,1623555412.0,Sci-Fi
282.0,348.0,1.0,1627294866.0,Comedy
10.0,171.0,2.0,1620241693.0,Romance|Thriller|Action
91.0,430.0,4.0,1628624028.0,Thriller|Drama
32.0,353.0,3.0,1629467541.0,Comedy
98.0,171.0,5.0,1623148124.0,Adventure|Romance
232.0,315.0,5.0,1630378567.0,Comedy|Sci-Fi
,353.0,2.0,1628771167.0,Romance
279.0,185.0,4.0,1618615740.0,Drama
51.0,271.0,5.0,1614148145.0,Action|Thriller|Drama
146.0,347.0,4.0,1623485877.0,Action|Drama
291.0,435.0,4.0,1632687857.0,Action|Sci-Fi
164.0,114.0,3.0,1630113349.0,Action
483.0,105.0,2.0,1624407640.0,Action|Drama
500.0,418.0,1.0,1630209911.0,Romance
328.0,351.0,4.0,1619925460.0,Comedy|Drama|Romance
152.0,266.0,5.0,1610773213.0,Action|Adventure|Thriller
12.0,338.0,3.0,1634214317.0,Sci-Fi|Action
282.0,425.0,3.0,1634634559.0,Adventure
111.0,319.0,4.0,1637929528.0,Adventure
19.0,182.0,5.0,1632561166.0,Comedy
461.0,491.0,2.0,1611511612.0,Thriller|Action|Romance
473.0,111.0,2.0,1616691270.0,Comedy|Drama
146.0,264.0,5.0,1622903490.0,Sci-Fi|Drama
196.0,339.0,5.0,1632937186.0,Thriller
422.0,162.0,2.0,1611436850.0,Thriller
44.0,175.0,4.0,1627708933.0,Sci-Fi
352.0,484.0,4.0,1622214731.0,Drama
210.0,452.0,5.0,1614953947.0,Adventure|Comedy
321.0,394.0,4.0,1639484324.0,Adventure|Comedy
394.0,338.0,5.0,1617830160.0,Adventure|Thriller|Action
398.0,271.0,3.0,1624874010.0,Romance|Action
115.0,300.0,5.0,1620100332.0,Action|Romance|Sci-Fi
91.0,180.0,3.0,1619205088.0,Comedy|Thriller
100.0,153.0,4.0,1610592787.0,Romance
206.0,419.0,5.0,1623030530.0,Romance|Thriller|Drama
128.0,460.0,5.0,1633538880.0,Action|Comedy
84.0,164.0,3.0,1614058968.0,
288.0,411.0,4.0,1627203852.0,Adventure
193.0,305.0,5.0,1634221392.0,Sci-Fi
130.0,427.0,3.0,1627064850.0,Comedy
40.0,122.0,3.0,1614582793.0,Drama
81.0,133.0,1.0,1638533563.0,Sci-Fi
367.0,,5.0,1628881503.0,Thriller|Romance|Comedy
181.0,102.0,3.0,1632290466.0,Adventure
72.0,427.0,1.0,1612293427.0,Action|Thriller
401.0,342.0,3.0,1623336211.0,Action
29.0,266.0,3.0,1615510973.0,Drama
290.0,438.0,2.0,1611252797.0,Romance
194.0,495.0,2.0,1622585155.0,Adventure|Romance
51.0,197.0,5.0,1614943472.0,Sci-Fi
168.0,140.0,5.0,1613556684.0,Comedy|Drama|Adventure
214.0,390.0,1.0,1610173804.0,Thriller|Romance
11.0,114.0,5.0,1620992381.0,Thriller|Romance
72.0,217.0,2.0,1618701509.0,Adventure|Sci-Fi
315.0,343.0,1.0,1639971582.0,Comedy|Action|Drama
466.0,101.0,2.0,1617255861.0,Action|Drama
21.0,482.0,2.0,1622712031.0,Romance|Thriller
263.0,493.0,3.0,1612986110.0,Sci-Fi|Comedy|Thriller
408.0,399.0,3.0,1624244808.0,Drama
92.0,366.0,4.0,1630111570.0,Romance
172.0,192.0,2.0,1620524536.0,Comedy
201.0,362.0,5.0,1630853974.0,Drama|Romance|Sci-Fi
290.0,202.0,3.0,1625415024.0,Thriller|Comedy|Sci-Fi
366.0,244.0,1.0,1626737154.0,Comedy|Sci-Fi
162.0,471.0,1.0,1633319891.0,Drama|Comedy|Adventure
269.0,178.0,4.0,1634661731.0,Drama
66.0,380.0,5.0,1620626580.0,Adventure|Drama|Romance
435.0,291.0,3.0,1640174338.0,Comedy
374.0,424.0,3.0,1633665592.0,Comedy|Thriller|Action
402.0,233.0,2.0,1615636762.0,Drama|Romance
461.0,365.0,2.0,1638343968.0,Thriller|Drama|Comedy
493.0,104.0,4.0,1623300541.0,Comedy
388.0,358.0,4.0,1622969930.0,Sci-Fi|Thriller|Romance
359.0,406.0,1.0,1620089819.0,Comedy|Drama|Sci-Fi
317.0,368.0,4.0,1640546154.0,Adventure|Sci-Fi|Thriller
423.0,142.0,2.0,1620441929.0,Action
82.0,133.0,4.0,1622755254.0,Adventure
391.0,329.0,2.0,1636877927.0,Romance|Thriller|Comedy
484.0,326.0,2.0,1626398337.0,Thriller
351.0,450.0,5.0,1634780564.0,Adventure|Drama|Sci-Fi
472.0,469.0,1.0,1617077832.0,Action
431.0,491.0,4.0,1613184340.0,Sci-Fi
45.0,197.0,5.0,1640158064.0,Romance|Thriller|Action
122.0,215.0,3.0,1635807830.0,Comedy
168.0,192.0,3.0,1609742662.0,Adventure|Thriller
12.0,246.0,5.0,1613900155.0,Thriller
182.0,111.0,3.0,1614578238.0,
293.0,419.0,1.0,1620358143.0,Comedy
460.0,321.0,4.0,1626459135.0,Sci-Fi
456.0,347.0,3.0,1616284075.0,Thriller
363.0,267.0,1.0,1619205170.0,Romance|Thriller|Action
256.0,487.0,3.0,1633325821.0,Adventure
50.0,322.0,2.0,1622130394.0,Action|Adventure|Drama
320.0,448.0,1.0,1618246035.0,Romance
213.0,277.0,2.0,1628861938.0,Action|Sci-Fi
248.0,335.0,3.0,1614138059.0,Comedy|Drama
210.0,452.0,2.0,1620521911.0,Thriller|Comedy|Action
28.0,229.0,4.0,1614738367.0,Thriller|Adventure|Drama
135.0,497.0,4.0,1611796763.0,Adventure|Romance
376.0,174.0,1.0,1630243252.0,Thriller|Drama
226.0,365.0,3.0,1639890956.0,Romance|Sci-Fi
328.0,434.0,1.0,1623859732.0,Action|Comedy
227.0,193.0,2.0,1627602051.0,Thriller|Drama
285.0,219.0,4.0,1630687894.0,Action|Adventure|Comedy
327.0,162.0,4.0,1626435799.0,Thriller
142.0,150.0,5.0,1628651122.0,Romance|Action|Drama
494.0,247.0,2.0,1634146271.0,Comedy|Sci-Fi|Romance
381.0,454.0,5.0,1629949441.0,Comedy
17.0,196.0,1.0,,Drama|Action|Thriller
204.0,260.0,5.0,1637353064.0,Adventure|Comedy|Drama
474.0,441.0,3.0,1625528593.0,Sci-Fi
274.0,158.0,4.0,,Thriller|Sci-Fi
66.0,109.0,1.0,1631419119.0,Drama|Sci-Fi|Thriller
271.0,361.0,1.0,1621607295.0,Action|Romance
129.0,364.0,3.0,1628290402.0,Drama|Sci-Fi|Adventure
443.0,193.0,4.0,1612224033.0,Comedy|Adventure|Drama
334.0,119.0,5.0,1626999081.0,Romance|Comedy
281.0,282.0,5.0,1640573817.0,Action
6.0,413.0,1.0,1614296729.0,Comedy|Adventure
371.0,183.0,1.0,1612922405.0,Romance
337.0,149.0,1.0,1622944482.0,Drama
401.0,384.0,4.0,1613402575.0,Action|Thriller|Drama
351.0,345.0,3.0,1640925276.0,Adventure
71.0,121.0,5.0,1624500564.0,Thriller|Sci-Fi|Comedy
12.0,343.0,3.0,1620109636.0,Comedy
349.0,280.0,1.0,1620384030.0,Romance
474.0,443.0,4.0,1630474010.0,Action
209.0,195.0,5.0,1618465829.0,Drama|Adventure|Romance
330.0,253.0,4.0,1638865320.0,Adventure|Action|Sci-Fi
97.0,411.0,4.0,1611213133.0,Thriller
168.0,228.0,5.0,1619923279.0,Action|Sci-Fi|Drama
317.0,214.0,2.0,1612922086.0,
375.0,359.0,5.0,1623876416.0,Thriller|Adventure
322.0,240.0,1.0,1627865029.0,Thriller|Sci-Fi
487.0,148.0,1.0,1635557394.0,
269.0,362.0,1.0,1614163283.0,Drama
316.0,159.0,2.0,1639414643.0,Sci-Fi|Thriller
23.0,308.0,4.0,1636651903.0,Romance|Sci-Fi|Comedy
352.0,140.0,4.0,1615117691.0,Romance|Adventure
473.0,430.0,4.0,1615304866.0,Drama|Romance
466.0,400.0,5.0,1612916008.0,Action|Sci-Fi|Adventure
397.0,334.0,3.0,1623295644.0,Comedy|Sci-Fi|Romance
401.0,194.0,5.0,1626698643.0,Thriller
212.0,365.0,5.0,1634421570.0,
165.0,416.0,5.0,1622110352.0,Adventure
201.0,135.0,1.0,1616101530.0,Action
176.0,109.0,5.0,1638504524.0,Sci-Fi|Romance
474.0,381.0,4.0,1610572635.0,Drama|Romance
78.0,295.0,5.0,1634166047.0,Adventure|Action
79.0,323.0,1.0,1624760490.0,Action|Romance
,151.0,3.0,1609998158.0,Romance|Action|Adventure
426.0,218.0,4.0,1636016955.0,Comedy|Romance|Adventure
42.0,421.0,2.0,1636768339.0,Sci-Fi|Drama|Adventure
146.0,102.0,1.0,1636924666.0,Action|Romance
395.0,126.0,2.0,1623240626.0,Comedy|Adventure
14.0,310.0,1.0,1613574724.0,Drama|Comedy|Action
417.0,415.0,4.0,1637669143.0,Drama
287.0,323.0,,1634306085.0,Romance|Action|Adventure
482.0,310.0,2.0,1618239539.0,Adventure
333.0,328.0,2.0,1615129913.0,Comedy|Sci-Fi
465.0,430.0,5.0,1625921224.0,Drama|Comedy|Action
406.0,476.0,2.0,1640608279.0,Action
169.0,215.0,3.0,1616316073.0,Action
187.0,422.0,3.0,1630793510.0,Adventure|Comedy
199.0,143.0,4.0,1620243281.0,Thriller|Sci-Fi|Comedy
,115.0,3.0,1628226317.0,Thriller|Drama
31.0,344.0,2.0,1615218590.0,Adventure|Drama|Comedy
242.0,308.0,1.0,1633615100.0,Drama|Comedy
315.0,122.0,2.0,1614504942.0,Adventure|Action
447.0,313.0,2.0,1611953577.0,Romance|Drama|Thriller
485.0,270.0,3.0,1636808260.0,Adventure
21.0,306.0,2.0,1618479417.0,Adventure|Drama
360.0,378.0,4.0,1614283321.0,Action|Comedy|Adventure
484.0,425.0,2.0,1636102564.0,Thriller|Comedy
495.0,221.0,4.0,1629211346.0,Thriller
98.0,352.0,2.0,1613457423.0,Sci-Fi|Action
,119.0,5.0,1616297094.0,Adventure|Drama
136.0,347.0,4.0,1614057870.0,Romance|Comedy
76.0,302.0,1.0,1635181084.0,Romance
31.0,359.0,3.0,1615618269.0,Romance|Thriller
280.0,195.0,4.0,1627772702.0,Sci-Fi|Adventure
107.0,238.0,5.0,1619073941.0,Drama|Sci-Fi|Thriller
312.0,392.0,1.0,1619268868.0,Sci-Fi|Romance|Drama
15.0,339.0,1.0,1624184538.0,Comedy
442.0,228.0,2.0,1623819807.0,Action
331.0,116.0,1.0,1637025446.0,Action|Comedy|Adventure
482.0,281.0,4.0,1628475025.0,Romance
132.0,342.0,5.0,1636707673.0,Romance|Comedy
214.0,108.0,5.0,1633354202.0,Sci-Fi|Drama
444.0,113.0,4.0,1621178212.0,Action|Comedy|Thriller
45.0,446.0,1.0,1624665621.0,Thriller
151.0,195.0,4.0,1617024283.0,Action
87.0,312.0,2.0,1639995772.0,Drama
69.0,206.0,1.0,1620211372.0,Adventure|Romance|Drama
129.0,381.0,1.0,1629447238.0,Thriller
310.0,394.0,1.0,1615291837.0,Romance|Drama
255.0,486.0,4.0,1632076216.0,Adventure|Sci-Fi
192.0,,5.0,1628083733.0,Action|Thriller
191.0,147.0,1.0,1638851674.0,Drama|Romance
98.0,395.0,3.0,1612807317.0,Action
,262.0,3.0,1619891958.0,Romance
195.0,452.0,4.0,1634135307.0,Action|Thriller|Adventure
214.0,402.0,4.0,1621508057.0,Comedy|Romance
475.0,394.0,2.0,1626802387.0,Adventure|Drama
194.0,133.0,1.0,1639598565.0,Comedy|Action
475.0,460.0,5.0,1629835576.0,Sci-Fi|Drama
322.0,145.0,4.0,1612503997.0,Sci-Fi
31.0,196.0,,1637166302.0,Adventure|Comedy
393.0,121.0,1.0,1617012234.0,Drama|Thriller|Adventure
275.0,280.0,1.0,1630910083.0,Drama|Sci-Fi|Action
,177.0,2.0,,Romance
34.0,428.0,4.0,1638860050.0,Romance
295.0,492.0,2.0,1636107465.0,Action
11.0,495.0,3.0,1635812077.0,Adventure
296.0,412.0,5.0,1616679924.0,Sci-Fi|Adventure
98.0,340.0,1.0,1622142518.0,Comedy|Romance
49.0,492.0,1.0,1624733977.0,Comedy|Adventure|Sci-Fi
68.0,384.0,5.0,1610313280.0,Sci-Fi|Drama
159.0,210.0,5.0,1625553166.0,Thriller|Romance|Action
49.0,237.0,1.0,1636193989.0,Romance|Action|Comedy
50.0,475.0,4.0,1636722792.0,Romance|Comedy
279.0,150.0,4.0,1622411400.0,Comedy|Action
209.0,164.0,2.0,1638111149.0,Adventure|Drama
83.0,203.0,4.0,1618498089.0,Action
3.0,477.0,4.0,1624070664.0,Adventure|Action
404.0,357.0,1.0,1636245494.0,Romance
40.0,209.0,4.0,1618252161.0,Drama|Sci-Fi
378.0,150.0,1.0,1622310438.0,Romance|Sci-Fi
416.0,375.0,3.0,1619179896.0,Adventure|Thriller|Romance
,370.0,1.0,1618850188.0,Thriller
239.0,417.0,5.0,1610201132.0,Adventure|Comedy|Romance
4.0,110.0,2.0,1618249107.0,Comedy
414.0,410.0,2.0,1629161251.0,Action
435.0,228.0,2.0,1638902743.0,Comedy|Romance
427.0,155.0,1.0,1626068011.0,Drama|Action
108.0,211.0,2.0,1623904774.0,Comedy|Romance|Adventure
281.0,252.0,2.0,1639760924.0,Adventure|Romance|Thriller
90.0,148.0,1.0,1610169635.0,Thriller
157.0,263.0,1.0,1617476014.0,Drama|Thriller|Comedy
119.0,364.0,2.0,1627222962.0,Comedy
64.0,259.0,4.0,1626129193.0,Adventure
403.0,124.0,2.0,1616034276.0,Action|Sci-Fi
476.0,206.0,1.0,1624788765.0,Comedy
303.0,132.0,1.0,1629731365.0,Romance|Sci-Fi
106.0,452.0,2.0,1638713332.0,Comedy
268.0,478.0,5.0,1637451028.0,Drama|Thriller
276.0,489.0,1.0,1630103015.0,Drama|Action
144.0,323.0,3.0,1617076413.0,Drama
343.0,427.0,4.0,1615184821.0,Drama|Comedy
141.0,479.0,5.0,1619393010.0,Action
457.0,298.0,1.0,1616133530.0,Romance|Action|Drama
171.0,186.0,,1634052252.0,Adventure|Comedy
360.0,184.0,1.0,1625779519.0,Romance|Thriller
473.0,225.0,5.0,1636746660.0,Sci-Fi
447.0,315.0,1.0,1614661073.0,Comedy|Drama
284.0,369.0,3.0,1635111528.0,Action
106.0,217.0,2.0,1627494971.0,Comedy|Thriller|Adventure
207.0,382.0,2.0,1637915595.0,Action|Drama|Romance
36.0,464.0,1.0,1628847741.0,Comedy|Adventure|Thriller
385.0,286.0,4.0,1631326967.0,Action|Romance|Comedy
25.0,491.0,5.0,,Adventure|Comedy
429.0,300.0,1.0,1632752229.0,Drama
254.0,325.0,1.0,1627248375.0,Comedy|Adventure|Sci-Fi
195.0,489.0,3.0,1615070552.0,Adventure|Romance
288.0,469.0,1.0,1627495372.0,Comedy
149.0,452.0,4.0,1618846825.0,Comedy
493.0,309.0,5.0,1622155415.0,Comedy|Thriller|Adventure
344.0,119.0,1.0,1632719297.0,Comedy|Adventure
118.0,317.0,1.0,1634850563.0,Thriller|Sci-Fi
392.0,275.0,4.0,1640477259.0,Sci-Fi
458.0,409.0,2.0,1638158373.0,Adventure|Thriller
110.0,165.0,4.0,1639089672.0,Sci-Fi|Comedy|Thriller
367.0,153.0,4.0,1620547224.0,Drama|Thriller|Sci-Fi
252.0,323.0,3.0,1623999321.0,Action|Romance
200.0,379.0,2.0,1620820227.0,Romance|Comedy
,225.0,3.0,1617148316.0,Drama|Comedy|Action
228.0,375.0,4.0,1618524776.0,Drama
413.0,,1.0,1633404557.0,Romance|Adventure
69.0,310.0,4.0,1636294224.0,Romance|Action
279.0,177.0,5.0,1620520858.0,Romance|Adventure|Thriller
437.0,428.0,3.0,1617385362.0,Action|Thriller
134.0,429.0,2.0,1620202510.0,Adventure
446.0,497.0,5.0,1617855877.0,Sci-Fi
458.0,328.0,,1610410348.0,Drama|Romance|Action
95.0,256.0,1.0,1615246085.0,Comedy
375.0,242.0,1.0,1610538088.0,Adventure|Sci-Fi|Drama
380.0,410.0,4.0,1616264159.0,Action|Sci-Fi|Romance
280.0,296.0,4.0,1625016316.0,Comedy|Drama
78.0,423.0,5.0,1636871520.0,
60.0,451.0,1.0,1610710966.0,Thriller
469.0,194.0,4.0,1637573200.0,Romance
424.0,127.0,3.0,1618304896.0,Comedy|Thriller
186.0,360.0,3.0,1618758170.0,Thriller|Action
429.0,491.0,1.0,1632063923.0,Thriller|Sci-Fi
477.0,131.0,1.0,1623723404.0,Thriller|Comedy
378.0,324.0,5.0,1617001498.0,Romance
346.0,320.0,4.0,1637463426.0,Thriller|Comedy
397.0,407.0,1.0,1635470764.0,Comedy
363.0,122.0,5.0,1610362097.0,Sci-Fi
246.0,217.0,2.0,1638795854.0,Action
231.0,319.0,5.0,1639261718.0,Thriller|Romance
342.0,361.0,5.0,1612396885.0,Sci-Fi|Romance|Drama
138.0,222.0,2.0,1611629074.0,Romance
57.0,185.0,3.0,1615711677.0,Sci-Fi
466.0,384.0,3.0,1613348936.0,Drama|Thriller
48.0,255.0,2.0,1619968691.0,Action|Comedy|Romance
356.0,260.0,2.0,1624896970.0,Sci-Fi|Action
430.0,323.0,4.0,1632848770.0,Romance|Adventure|Sci-Fi
454.0,161.0,3.0,1617123068.0,Romance
30.0,179.0,1.0,1622679788.0,Thriller|Adventure|Action
255.0,308.0,1.0,1630092059.0,Drama
53.0,162.0,4.0,1628274217.0,Romance|Action|Thriller
442.0,306.0,1.0,1620022086.0,Comedy
475.0,105.0,2.0,1616705399.0,Action|Sci-Fi|Romance
103.0,497.0,5.0,1620481699.0,Comedy|Sci-Fi|Action
224.0,403.0,4.0,1618090181.0,Thriller
241.0,176.0,4.0,1621625562.0,Adventure
322.0,177.0,1.0,1623812460.0,Romance|Adventure
282.0,103.0,2.0,1611315244.0,Sci-Fi
438.0,281.0,2.0,1618724520.0,Comedy|Romance
175.0,479.0,1.0,1610406323.0,Comedy
265.0,484.0,5.0,1609669162.0,Romance|Thriller
462.0,176.0,4.0,1626941493.0,Sci-Fi|Thriller
142.0,443.0,5.0,1637423281.0,Adventure|Sci-Fi|Drama
79.0,122.0,1.0,1627610294.0,Romance
320.0,232.0,5.0,1627368036.0,Comedy|Drama
200.0,335.0,1.0,1612916996.0,Thriller|Adventure
109.0,195.0,2.0,1617032578.0,Adventure
172.0,390.0,5.0,1627143110.0,Adventure|Drama
40.0,184.0,3.0,1636690439.0,Comedy|Sci-Fi
405.0,212.0,5.0,1613053781.0,Romance|Drama
293.0,320.0,1.0,1631324849.0,Drama
118.0,380.0,4.0,1620206497.0,Sci-Fi|Comedy|Adventure
140.0,170.0,3.0,1621750152.0,Drama|Romance
135.0,119.0,4.0,1624936125.0,Drama
145.0,131.0,1.0,1626724650.0,Comedy|Romance
400.0,103.0,1.0,1636592890.0,Thriller|Sci-Fi|Romance
165.0,118.0,4.0,1620120234.0,Sci-Fi
322.0,369.0,3.0,1632505030.0,Drama|Action
345.0,432.0,3.0,1617368139.0,Thriller|Romance
319.0,393.0,1.0,1619958343.0,Action|Comedy
234.0,132.0,2.0,1614273312.0,Sci-Fi
266.0,252.0,5.0,1640546580.0,Action|Comedy|Sci-Fi
448.0,284.0,3.0,1619344164.0,Drama|Sci-Fi|Comedy
371.0,350.0,4.0,1625981318.0,Adventure|Drama|Action
312.0,377.0,5.0,1617132195.0,Action|Sci-Fi
383.0,138.0,3.0,1640795403.0,Comedy
280.0,477.0,1.0,1618216103.0,Sci-Fi
401.0,176.0,3.0,1622790494.0,Drama
26.0,400.0,2.0,1629054839.0,Adventure|Comedy
414.0,200.0,2.0,1614534924.0,Sci-Fi
236.0,176.0,4.0,1625236246.0,Romance|Drama|Sci-Fi
156.0,227.0,5.0,1638264228.0,Drama|Adventure
320.0,369.0,4.0,1631040095.0,Action|Drama|Comedy
128.0,170.0,4.0,1616823840.0,Drama|Action
148.0,363.0,2.0,1627948653.0,Thriller|Sci-Fi
228.0,135.0,1.0,1623228180.0,Action
426.0,173.0,4.0,1635019445.0,Sci-Fi
391.0,302.0,4.0,1627966794.0,Comedy
401.0,143.0,5.0,1618916866.0,Sci-Fi|Comedy|Romance
196.0,146.0,4.0,1621062790.0,Drama
333.0,133.0,2.0,1626508088.0,Romance|Drama|Thriller
310.0,203.0,3.0,1629592718.0,Drama|Comedy|Action
455.0,270.0,5.0,1622879046.0,Comedy|Thriller|Sci-Fi
91.0,421.0,4.0,1634717897.0,Action|Comedy
44.0,352.0,4.0,1623901563.0,Action
303.0,451.0,5.0,1613997685.0,Adventure|Romance|Drama
332.0,445.0,4.0,1614966072.0,Romance|Sci-Fi
330.0,299.0,5.0,1611776249.0,Comedy
270.0,235.0,4.0,1625347118.0,Action|Comedy
,371.0,3.0,1638964871.0,Romance|Adventure
,259.0,1.0,1613051963.0,Comedy|Romance|Drama
343.0,464.0,5.0,1637604693.0,Drama
39.0,209.0,2.0,1626550838.0,Action|Drama
398.0,132.0,2.0,1637285150.0,Romance|Action|Sci-Fi
,417.0,4.0,1620061544.0,Comedy|Action|Adventure
428.0,311.0,2.0,1636397704.0,Comedy|Romance|Adventure
351.0,239.0,5.0,1621339806.0,Drama|Sci-Fi|Action
287.0,265.0,4.0,1628117252.0,Comedy|Drama|Romance
345.0,484.0,3.0,1631152158.0,Adventure
153.0,480.0,4.0,1610382295.0,Action|Drama
232.0,,3.0,1632563318.0,Thriller|Comedy|Sci-Fi
248.0,459.0,4.0,1627237489.0,Romance
455.0,153.0,1.0,1621303387.0,Romance|Adventure
240.0,134.0,5.0,1638303279.0,Action
221.0,497.0,3.0,1619507800.0,Drama
442.0,236.0,5.0,1639736243.0,Sci-Fi|Thriller
349.0,113.0,1.0,1624135817.0,Thriller|Comedy|Romance
265.0,394.0,1.0,1616145595.0,Comedy
43.0,489.0,5.0,1617519234.0,Drama|Romance|Thriller
424.0,247.0,5.0,1620615696.0,Drama|Thriller|Comedy
274.0,195.0,,1618006444.0,Romance
493.0,236.0,1.0,1626971418.0,Thriller|Sci-Fi|Comedy
455.0,,3.0,1629617980.0,Sci-Fi|Thriller
72.0,430.0,3.0,1609706589.0,Action|Comedy|Romance
251.0,318.0,2.0,1617274431.0,Drama|Action|Romance
66.0,189.0,3.0,1639317051.0,Drama
451.0,294.0,2.0,1617400040.0,Thriller|Romance|Sci-Fi
328.0,188.0,,1622524670.0,Thriller
220.0,394.0,3.0,1623698354.0,Comedy
403.0,114.0,4.0,1629709778.0,Drama|Thriller
433.0,358.0,4.0,1623945754.0,Action
210.0,183.0,5.0,1634811263.0,Thriller|Romance|Adventure
365.0,132.0,4.0,1615772025.0,Sci-Fi
225.0,295.0,1.0,1633309866.0,Drama|Romance
356.0,409.0,1.0,1636320304.0,Adventure|Drama
57.0,435.0,5.0,1637305466.0,Drama
24.0,209.0,1.0,1637065077.0,Sci-Fi|Drama
427.0,271.0,3.0,1614377186.0,Adventure|Drama
307.0,292.0,3.0,1640822840.0,Adventure
459.0,276.0,3.0,,Romance
387.0,323.0,4.0,1611125006.0,Adventure
28.0,341.0,4.0,1609878196.0,Romance|Comedy
241.0,392.0,1.0,1633815801.0,Drama|Adventure|Romance
94.0,348.0,2.0,1628510024.0,Sci-Fi|Comedy|Action
,109.0,2.0,1616830858.0,Comedy
294.0,228.0,5.0,1624293070.0,Action|Drama
81.0,460.0,5.0,1615636840.0,Sci-Fi
55.0,366.0,1.0,1611159494.0,Sci-Fi|Action|Comedy
84.0,411.0,5.0,1610603014.0,Thriller|Action
1.0,244.0,3.0,1638447683.0,Action|Comedy|Sci-Fi
385.0,256.0,4.0,1614503085.0,Thriller
287.0,493.0,2.0,1610272335.0,Romance
265.0,258.0,3.0,1627891986.0,Sci-Fi
461.0,478.0,1.0,1611597816.0,Drama|Sci-Fi|Adventure
118.0,349.0,4.0,1640091560.0,Romance|Adventure
69.0,300.0,1.0,,Action|Drama
72.0,475.0,5.0,1615651492.0,Adventure|Romance|Thriller
350.0,441.0,1.0,1623144950.0,Thriller
17.0,323.0,4.0,1637092866.0,Comedy|Romance|Sci-Fi
63.0,314.0,3.0,1632144204.0,Romance|Thriller
435.0,343.0,4.0,1624756404.0,Romance|Comedy|Drama
155.0,438.0,2.0,1634074167.0,Action|Thriller
339.0,456.0,3.0,1610466094.0,Sci-Fi|Action
46.0,413.0,3.0,1620385427.0,Sci-Fi
483.0,401.0,4.0,1611966339.0,
299.0,442.0,1.0,1612345227.0,Romance|Action
128.0,461.0,5.0,1637543541.0,Romance|Drama
345.0,393.0,2.0,1618210588.0,Thriller|Sci-Fi
99.0,387.0,2.0,1619700353.0,Adventure|Drama
216.0,493.0,5.0,1619704938.0,Sci-Fi
455.0,105.0,5.0,1632365460.0,Thriller|Sci-Fi
14.0,121.0,5.0,1618071069.0,Drama
411.0,165.0,3.0,1638955132.0,Action|Adventure
261.0,237.0,5.0,1620236014.0,Romance|Sci-Fi|Drama
10.0,311.0,4.0,1615058972.0,Comedy|Thriller|Action
114.0,437.0,3.0,1610351059.0,Sci-Fi|Romance
104.0,106.0,2.0,1640218959.0,Thriller|Sci-Fi
302.0,161.0,4.0,1624838937.0,Action|Comedy|Sci-Fi
199.0,153.0,4.0,1639943010.0,Romance|Action|Adventure
263.0,457.0,2.0,1637903788.0,Adventure|Thriller
121.0,438.0,4.0,1619595167.0,Sci-Fi
156.0,,1.0,1631580453.0,Drama|Romance|Comedy
398.0,268.0,5.0,1630086206.0,Drama|Thriller|Adventure
473.0,499.0,1.0,1634664640.0,Romance
253.0,351.0,1.0,1613038312.0,Romance|Comedy|Thriller
338.0,368.0,3.0,1629374629.0,Action|Sci-Fi|Comedy
386.0,496.0,2.0,1630008500.0,Action|Romance
,192.0,1.0,1634164438.0,Thriller
5.0,155.0,5.0,1638522267.0,Sci-Fi|Thriller|Adventure
347.0,245.0,5.0,1611557610.0,Romance|Drama
127.0,267.0,4.0,1634407232.0,Drama
454.0,279.0,5.0,1618064998.0,Thriller|Comedy|Sci-Fi
353.0,391.0,3.0,1626937703.0,Romance|Thriller
253.0,355.0,4.0,1635303100.0,Drama|Romance|Thriller
146.0,497.0,5.0,1620736283.0,Comedy|Action
399.0,298.0,2.0,1639324408.0,Comedy|Romance|Thriller
55.0,141.0,4.0,1623968035.0,Adventure
83.0,182.0,4.0,1633137710.0,Thriller
34.0,407.0,2.0,1614723864.0,Drama|Romance|Sci-Fi
189.0,298.0,2.0,1637358123.0,Drama|Action|Romance
397.0,120.0,5.0,1633713192.0,Comedy|Adventure|Sci-Fi
415.0,312.0,5.0,1615368237.0,Drama|Sci-Fi
214.0,355.0,3.0,1628141965.0,Romance
406.0,363.0,1.0,1638525895.0,Romance
430.0,387.0,3.0,1610475130.0,Comedy
131.0,285.0,5.0,1622231319.0,Drama
153.0,281.0,2.0,1626072230.0,Comedy|Drama|Action
320.0,388.0,3.0,1614984647.0,Romance
422.0,268.0,1.0,1614493488.0,Romance|Action
374.0,354.0,1.0,1629143720.0,Comedy|Adventure
350.0,190.0,5.0,1624514991.0,Action|Thriller
107.0,191.0,2.0,1634916360.0,Comedy
124.0,273.0,5.0,1623138520.0,Drama
456.0,245.0,4.0,1630031631.0,Comedy|Thriller|Drama
161.0,104.0,4.0,1615915510.0,Drama
206.0,484.0,1.0,1637158375.0,Action|Adventure|Comedy
447.0,253.0,1.0,1635252645.0,Thriller|Sci-Fi
347.0,400.0,1.0,1629485670.0,Sci-Fi|Adventure|Romance
265.0,338.0,5.0,1611758655.0,
469.0,234.0,5.0,1625250797.0,Romance|Action|Comedy
373.0,411.0,4.0,1612169099.0,Action
446.0,223.0,3.0,1631702302.0,Action
460.0,306.0,4.0,1634329994.0,Adventure
409.0,154.0,2.0,1619465822.0,Thriller|Romance|Adventure
467.0,334.0,3.0,1637169007.0,Adventure|Drama
450.0,107.0,2.0,1613494539.0,Thriller
381.0,178.0,5.0,1619537988.0,Thriller|Drama
158.0,286.0,3.0,1614593769.0,Comedy|Sci-Fi|Adventure
358.0,262.0,5.0,1628983373.0,Drama|Thriller
72.0,378.0,,1629365893.0,Sci-Fi
171.0,104.0,2.0,1610018408.0,Adventure|Drama|Romance
7.0,481.0,4.0,1637562469.0,Comedy
391.0,150.0,2.0,1610093593.0,Thriller|Comedy
453.0,295.0,1.0,1620054969.0,Romance
287.0,101.0,5.0,1613770783.0,Drama|Comedy|Sci-Fi
431.0,259.0,1.0,1636989161.0,Thriller
449.0,283.0,3.0,1634914666.0,Action
442.0,475.0,4.0,1620955322.0,Romance
49.0,126.0,1.0,1637019933.0,Sci-Fi|Romance|Comedy
268.0,435.0,4.0,1623495736.0,Comedy
303.0,249.0,2.0,1639946151.0,Romance|Comedy
87.0,143.0,2.0,1625584673.0,Drama
345.0,413.0,3.0,1615370854.0,Romance|Thriller|Action
359.0,212.0,1.0,1631434809.0,Romance|Adventure
194.0,307.0,5.0,1621547030.0,Drama|Comedy
106.0,372.0,1.0,1610697290.0,Sci-Fi
266.0,318.0,1.0,1615908042.0,Comedy
144.0,147.0,4.0,1630547881.0,Comedy
280.0,236.0,4.0,1614836165.0,Sci-Fi|Comedy
133.0,252.0,3.0,1622705043.0,Romance|Thriller|Comedy
254.0,165.0,1.0,1635676071.0,Adventure|Drama
150.0,225.0,2.0,1638436041.0,Thriller|Action|Adventure
378.0,362.0,2.0,1640907023.0,Comedy|Drama
455.0,317.0,2.0,1619503076.0,Sci-Fi|Romance|Drama
459.0,127.0,1.0,1637957811.0,Romance|Adventure|Sci-Fi
271.0,348.0,5.0,1629572727.0,Action|Romance
107.0,195.0,2.0,1614889785.0,Sci-Fi|Action
221.0,112.0,4.0,1635285586.0,Thriller|Romance|Comedy
483.0,352.0,1.0,,Drama
32.0,368.0,4.0,1627565992.0,Sci-Fi
50.0,334.0,4.0,1617784638.0,Action|Comedy|Thriller
370.0,358.0,2.0,1636147461.0,Thriller|Comedy|Sci-Fi
362.0,244.0,2.0,1622422944.0,Drama
121.0,433.0,5.0,1615720552.0,Adventure
488.0,232.0,2.0,1609671291.0,Thriller
250.0,240.0,3.0,1622014162.0,Drama|Romance|Thriller
347.0,126.0,1.0,1636645836.0,Sci-Fi|Drama
198.0,120.0,2.0,1610432821.0,Thriller
157.0,497.0,4.0,1631057925.0,Adventure
459.0,437.0,4.0,1626602801.0,Thriller|Action|Sci-Fi
305.0,156.0,4.0,1634021755.0,Comedy
368.0,309.0,4.0,1625749444.0,Thriller|Romance
316.0,150.0,4.0,1614184731.0,Sci-Fi
167.0,247.0,1.0,1614673713.0,Action
488.0,296.0,5.0,1636602712.0,Drama
488.0,142.0,2.0,,Action|Sci-Fi|Romance
293.0,170.0,3.0,1621518597.0,Adventure
259.0,462.0,1.0,1633593007.0,Action|Thriller
293.0,394.0,3.0,1622462841.0,Comedy
416.0,205.0,1.0,1623068551.0,Romance
12.0,,3.0,1637935806.0,Romance|Thriller
339.0,370.0,4.0,1610128597.0,Adventure|Comedy|Action
186.0,329.0,4.0,1610970143.0,Thriller|Comedy|Action
102.0,104.0,1.0,1624552090.0,Thriller|Sci-Fi
423.0,482.0,1.0,1624199852.0,Adventure|Action
500.0,361.0,1.0,1619693131.0,Thriller|Action
493.0,429.0,5.0,1624332326.0,Adventure|Romance|Sci-Fi
135.0,388.0,4.0,1635104215.0,
202.0,155.0,3.0,1635017144.0,Comedy|Action
455.0,471.0,2.0,1634987259.0,Drama
40.0,298.0,5.0,1639394523.0,Thriller|Action
34.0,384.0,5.0,1638092532.0,Action|Adventure|Sci-Fi
345.0,478.0,5.0,1616041086.0,Drama|Adventure
487.0,416.0,1.0,1632466502.0,Romance
19.0,139.0,5.0,1626910975.0,Action|Sci-Fi
440.0,413.0,3.0,1633021107.0,Action|Romance
88.0,347.0,5.0,1630279650.0,Thriller
377.0,240.0,1.0,1613725631.0,Drama|Sci-Fi
362.0,210.0,5.0,1613919566.0,Romance|Drama|Thriller
210.0,463.0,1.0,1640065999.0,Drama|Adventure
457.0,500.0,4.0,1616647610.0,Adventure|Sci-Fi
320.0,202.0,2.0,1627065116.0,Action|Comedy|Adventure
408.0,296.0,4.0,1629983503.0,Comedy|Sci-Fi|Action
5.0,467.0,5.0,1615935551.0,Action
318.0,422.0,3.0,1618387371.0,Romance
286.0,268.0,4.0,1620254052.0,Adventure|Romance|Drama
148.0,244.0,1.0,1617456595.0,Sci-Fi|Adventure|Drama
371.0,224.0,4.0,1626719108.0,Drama|Action|Sci-Fi
132.0,254.0,4.0,1640478474.0,Action|Thriller|Sci-Fi
128.0,211.0,4.0,1613445728.0,Thriller
436.0,469.0,2.0,1629126055.0,Drama|Romance
106.0,490.0,5.0,1636349180.0,Thriller|Sci-Fi
87.0,441.0,3.0,1633208891.0,Thriller|Adventure|Sci-Fi
465.0,394.0,3.0,1634791919.0,Romance
162.0,165.0,2.0,1624268231.0,Action|Comedy
319.0,129.0,2.0,1614635164.0,Comedy|Adventure
320.0,124.0,4.0,1617029694.0,Adventure|Action|Sci-Fi
,206.0,1.0,1630756807.0,Drama|Thriller
334.0,160.0,5.0,1623449137.0,Sci-Fi
39.0,376.0,3.0,1636906328.0,Action|Sci-Fi
136.0,477.0,2.0,1634072243.0,Drama|Sci-Fi|Romance
498.0,458.0,2.0,1610127181.0,Adventure|Drama|Sci-Fi
378.0,317.0,2.0,1638395440.0,Drama|Sci-Fi|Adventure
37.0,321.0,4.0,1617304958.0,Drama
463.0,219.0,1.0,1609818557.0,Sci-Fi
32.0,430.0,1.0,1630317603.0,Romance|Action
155.0,116.0,2.0,1619946598.0,Sci-Fi|Action
376.0,332.0,2.0,1628526946.0,Romance
338.0,438.0,4.0,1636551132.0,Comedy|Thriller
283.0,434.0,5.0,1631403362.0,Drama|Comedy|Action
91.0,495.0,3.0,1624696482.0,Romance
371.0,445.0,5.0,1623574535.0,Comedy|Romance|Thriller
190.0,193.0,5.0,1623867621.0,Sci-Fi
196.0,454.0,5.0,1634834920.0,Adventure
363.0,430.0,1.0,1640436338.0,Drama|Thriller
434.0,495.0,4.0,1619671175.0,Sci-Fi|Thriller
493.0,132.0,4.0,1635607620.0,Adventure
52.0,170.0,4.0,1640711438.0,Adventure
162.0,414.0,2.0,1636595310.0,Action|Drama|Sci-Fi
25.0,417.0,1.0,1628529499.0,Adventure|Comedy
305.0,214.0,3.0,1616899213.0,Drama
44.0,363.0,1.0,1617099746.0,Comedy|Drama
418.0,444.0,2.0,1621374940.0,Thriller|Sci-Fi
239.0,487.0,3.0,1627165663.0,Comedy|Action
397.0,254.0,3.0,1623331444.0,Romance
33.0,251.0,5.0,1612298901.0,Adventure|Action
308.0,367.0,2.0,1639536813.0,Romance|Comedy|Drama
456.0,485.0,3.0,1639595814.0,Comedy|Romance|Drama
302.0,496.0,1.0,1610901025.0,Thriller|Drama|Adventure
218.0,184.0,4.0,1638587885.0,Action
170.0,384.0,2.0,1630986525.0,Adventure|Thriller
122.0,443.0,3.0,1637601738.0,Adventure
354.0,346.0,5.0,1618026173.0,Sci-Fi
,284.0,1.0,1619797414.0,Comedy|Romance
250.0,266.0,5.0,1614998228.0,Drama|Action
121.0,233.0,5.0,1628475889.0,Sci-Fi|Drama
449.0,385.0,5.0,1613691246.0,Drama|Comedy|Romance
256.0,488.0,2.0,1630675659.0,Adventure|Thriller
321.0,414.0,2.0,1622502748.0,Romance|Adventure
397.0,411.0,4.0,1612605599.0,Comedy|Drama|Action
452.0,210.0,2.0,1611218028.0,Drama|Thriller|Romance
442.0,297.0,5.0,1615011093.0,Drama|Comedy
464.0,208.0,3.0,1627191146.0,Sci-Fi|Drama|Action
161.0,352.0,2.0,1624650855.0,Thriller
37.0,453.0,3.0,1623656247.0,Adventure|Action|Sci-Fi
141.0,431.0,2.0,1636108165.0,Drama
197.0,,1.0,1620063921.0,Sci-Fi|Drama|Romance
394.0,107.0,3.0,1610526307.0,Thriller|Drama
460.0,355.0,4.0,1623403602.0,Sci-Fi|Action|Thriller
360.0,200.0,1.0,1640465014.0,Drama
440.0,295.0,5.0,1637776884.0,Action|Sci-Fi|Drama
168.0,128.0,1.0,1636524628.0,Adventure|Drama|Action
287.0,276.0,2.0,,Adventure|Romance
88.0,495.0,4.0,1614158622.0,Thriller
109.0,207.0,2.0,1611736322.0,Thriller|Adventure|Action
262.0,128.0,3.0,1617750743.0,Romance|Action
321.0,273.0,5.0,1636016776.0,Action|Drama|Sci-Fi
457.0,241.0,3.0,1630967049.0,Romance|Thriller
215.0,248.0,3.0,1626414488.0,Sci-Fi
320.0,171.0,2.0,1639266386.0,Drama|Sci-Fi|Romance
120.0,317.0,3.0,1621108273.0,Adventure|Sci-Fi
70.0,161.0,1.0,1611137454.0,Drama|Thriller|Adventure
82.0,407.0,1.0,1635098066.0,Romance|Adventure
18.0,402.0,5.0,1620941240.0,Drama|Romance|Thriller
409.0,188.0,2.0,1628480025.0,Thriller|Adventure
337.0,320.0,3.0,1626922689.0,Thriller|Romance
64.0,178.0,1.0,1637818294.0,Drama|Sci-Fi
174.0,404.0,3.0,1623556558.0,Adventure|Comedy|Sci-Fi
167.0,448.0,3.0,1627229024.0,Comedy|Thriller|Action
100.0,356.0,2.0,1630772068.0,Thriller
153.0,381.0,3.0,1614528094.0,Adventure|Romance
279.0,325.0,1.0,1634400496.0,Romance
160.0,481.0,1.0,1618783650.0,Thriller
366.0,231.0,1.0,1640015134.0,Romance
313.0,264.0,1.0,1618371770.0,Thriller|Sci-Fi
159.0,475.0,1.0,1621947935.0,Action|Drama
77.0,413.0,4.0,1633427248.0,Romance
151.0,422.0,1.0,1624468130.0,Action
70.0,447.0,1.0,1628577296.0,Drama|Romance
331.0,325.0,1.0,1634446093.0,Sci-Fi|Action|Romance
,402.0,5.0,1612500564.0,Sci-Fi|Romance|Adventure
219.0,131.0,4.0,1623709022.0,Drama
100.0,223.0,2.0,1610847535.0,Drama
300.0,160.0,2.0,,Romance|Adventure
462.0,116.0,1.0,1617606923.0,Thriller
456.0,207.0,3.0,1640068002.0,Adventure|Thriller
234.0,342.0,4.0,1613880895.0,Thriller
199.0,117.0,3.0,1640884862.0,Comedy|Drama
426.0,,5.0,1623782311.0,Action|Sci-Fi
317.0,148.0,4.0,1627157939.0,Adventure|Thriller
348.0,417.0,1.0,,Adventure|Drama
427.0,152.0,1.0,1633607614.0,Comedy|Romance|Thriller
174.0,198.0,1.0,1634841426.0,Adventure
447.0,398.0,5.0,1640831410.0,Adventure|Thriller
352.0,234.0,2.0,1634121133.0,Action|Sci-Fi|Romance
307.0,206.0,3.0,1633115271.0,Action|Thriller
216.0,330.0,3.0,1630578766.0,Thriller|Adventure|Sci-Fi
273.0,478.0,4.0,1619323058.0,Action|Comedy
331.0,240.0,1.0,1634740515.0,Comedy|Romance|Thriller
319.0,345.0,5.0,1618383493.0,Adventure
206.0,376.0,1.0,1636740653.0,Romance
452.0,420.0,2.0,1628303994.0,Drama
20.0,223.0,1.0,1615923399.0,Action
354.0,479.0,2.0,1626942486.0,Sci-Fi|Drama
295.0,118.0,4.0,1632681297.0,Comedy
380.0,457.0,5.0,1636805035.0,Romance
377.0,331.0,2.0,1626531129.0,Adventure|Drama
31.0,101.0,4.0,1625314021.0,Action|Drama|Thriller
419.0,127.0,2.0,1628603054.0,Sci-Fi|Action|Comedy
35.0,348.0,4.0,1614221813.0,Comedy|Adventure
152.0,430.0,5.0,1611743632.0,Drama|Thriller|Sci-Fi
335.0,150.0,2.0,1610764612.0,Thriller|Adventure
401.0,264.0,3.0,1637343661.0,Drama|Sci-Fi
336.0,135.0,5.0,1631096047.0,Action|Drama|Adventure
75.0,104.0,3.0,1624262170.0,Drama
472.0,242.0,2.0,1613829092.0,
398.0,279.0,1.0,1629270359.0,Sci-Fi
254.0,,2.0,1613310360.0,Adventure|Sci-Fi|Action
373.0,383.0,5.0,1616912364.0,Adventure|Romance|Action
210.0,231.0,1.0,1612167332.0,Sci-Fi
351.0,170.0,5.0,1638472436.0,Thriller|Comedy|Action
357.0,,1.0,1633778779.0,Sci-Fi|Thriller|Drama
448.0,171.0,4.0,1611465240.0,Drama|Romance|Sci-Fi
409.0,388.0,5.0,1620658478.0,Thriller|Drama
69.0,292.0,5.0,1640092514.0,Action|Romance
420.0,352.0,4.0,1634702515.0,Sci-Fi|Adventure
223.0,383.0,1.0,1635430363.0,Adventure|Sci-Fi
401.0,382.0,5.0,1616168590.0,Thriller
107.0,275.0,3.0,1620368826.0,Adventure|Romance
9.0,476.0,4.0,1639430334.0,Drama|Comedy
5.0,286.0,1.0,1610006514.0,
74.0,281.0,1.0,1619394563.0,Adventure|Action
432.0,191.0,1.0,1637738598.0,Comedy|Sci-Fi
116.0,351.0,3.0,1616693221.0,Drama|Adventure
69.0,498.0,4.0,1637069283.0,Romance|Adventure|Action
80.0,342.0,5.0,1638469862.0,Adventure
31.0,374.0,2.0,1629481128.0,Action|Romance|Sci-Fi
46.0,255.0,4.0,1633116746.0,Thriller|Romance|Adventure
421.0,337.0,1.0,1629690747.0,Sci-Fi
205.0,214.0,2.0,1638818632.0,Sci-Fi
450.0,326.0,2.0,1620419549.0,Comedy|Action|Drama
478.0,312.0,1.0,1620464285.0,Action|Sci-Fi
227.0,404.0,1.0,1637274045.0,Comedy|Thriller|Sci-Fi
440.0,174.0,3.0,1618247946.0,Comedy|Drama|Adventure
289.0,250.0,1.0,1632138189.0,Sci-Fi
406.0,188.0,3.0,1617655786.0,Sci-Fi|Action|Romance
147.0,262.0,3.0,1633418438.0,Adventure
190.0,178.0,1.0,1640383057.0,Romance|Comedy|Sci-Fi
427.0,278.0,3.0,1616789865.0,Thriller
446.0,159.0,2.0,1624738027.0,Action|Adventure|Drama
135.0,407.0,4.0,1636685939.0,Comedy
360.0,,2.0,1620062823.0,Sci-Fi|Action|Adventure
292.0,382.0,1.0,1625095225.0,Sci-Fi|Drama|Thriller
464.0,144.0,4.0,1635865010.0,Action|Romance|Comedy
79.0,110.0,3.0,1633072250.0,Comedy
50.0,400.0,1.0,1609658230.0,Sci-Fi|Action
99.0,206.0,1.0,1628706370.0,Thriller|Romance
147.0,201.0,4.0,1620401965.0,Action|Drama
303.0,376.0,4.0,1631968711.0,Romance|Adventure|Sci-Fi
219.0,122.0,5.0,1631746859.0,Drama|Adventure
206.0,140.0,2.0,1614015566.0,Adventure|Drama
332.0,106.0,5.0,1613934091.0,Thriller|Sci-Fi|Comedy
55.0,460.0,5.0,1616398175.0,Comedy
208.0,420.0,1.0,1625254561.0,Comedy|Action
98.0,447.0,4.0,1637468611.0,Thriller
27.0,164.0,3.0,1636039174.0,Action|Comedy
326.0,366.0,4.0,1633742187.0,Sci-Fi|Action|Thriller
449.0,161.0,3.0,1639442871.0,Romance|Thriller|Action
77.0,319.0,3.0,1630456125.0,Romance|Comedy|Action
426.0,436.0,5.0,1617170789.0,Adventure|Sci-Fi
163.0,237.0,3.0,1636844823.0,Adventure|Drama
453.0,344.0,4.0,1610047249.0,Thriller|Sci-Fi|Romance
114.0,448.0,5.0,1639087619.0,Action|Sci-Fi|Drama
127.0,383.0,1.0,1633854688.0,Sci-Fi|Romance|Drama
293.0,392.0,1.0,1627952294.0,Adventure|Sci-Fi
104.0,330.0,2.0,1631136078.0,Romance|Drama|Adventure
33.0,216.0,3.0,1615328292.0,Action|Drama
252.0,439.0,3.0,1609491956.0,Adventure|Action|Comedy
,339.0,3.0,1616805946.0,Drama|Romance|Thriller
216.0,210.0,1.0,1612130214.0,Romance|Comedy
144.0,413.0,5.0,1623400855.0,Thriller|Comedy
,165.0,3.0,1613426257.0,Action|Sci-Fi
41.0,466.0,3.0,1634004519.0,Romance|Comedy|Drama
438.0,111.0,5.0,1628696397.0,Sci-Fi
223.0,407.0,5.0,1622268389.0,Drama|Sci-Fi
396.0,290.0,3.0,1610827853.0,Adventure
428.0,318.0,2.0,1636416891.0,Comedy|Romance
264.0,236.0,3.0,1635486971.0,Adventure
385.0,490.0,2.0,1619575342.0,Drama
435.0,467.0,4.0,1629062479.0,Action|Romance|Drama
222.0,336.0,3.0,1620374584.0,Adventure|Action
462.0,190.0,4.0,1632665412.0,Comedy|Sci-Fi
154.0,228.0,3.0,1632447625.0,Sci-Fi
231.0,444.0,1.0,1621450555.0,Action
16.0,201.0,1.0,1620957073.0,Thriller|Drama
423.0,164.0,1.0,1613171628.0,Thriller|Action|Adventure
433.0,275.0,4.0,1618676820.0,Sci-Fi|Adventure
73.0,431.0,4.0,1618995772.0,Sci-Fi
216.0,391.0,4.0,1613761334.0,Comedy
54.0,449.0,5.0,1628175022.0,Drama
386.0,333.0,3.0,1640947250.0,Comedy
240.0,499.0,2.0,1620365184.0,Romance
122.0,202.0,2.0,1610798167.0,
82.0,473.0,4.0,1638927343.0,Comedy|Thriller
414.0,497.0,1.0,1623600826.0,Thriller|Drama|Adventure
329.0,104.0,1.0,1638511352.0,Sci-Fi|Comedy|Romance
