feedback_id,feedback,sentiment
1,Average experience overall.,positive
2,Average experience overall.,positive
3,The product is excellent.,negative
4,Average experience overall.,positive
5,Terrible customer service.,positive
6,Loved the user interface.,neutral
7,Unhelpful and rude staff.,negative
8,Loved the user interface.,negative
9,Terrible customer service.,positive
10,Loved the user interface.,neutral
11,Fast delivery and great support.,negative
12,Worst experience I've ever had.,neutral
13,Poor quality materials used.,neutral
14,Good value for money.,neutral
15,Unhelpful and rude staff.,neutral
16,Quick resolution of my issue.,positive
17,Good value for money.,neutral
18,Loved the user interface.,negative
19,Worst experience I've ever had.,neutral
20,Terrible customer service.,negative
21,Will not recommend to others.,neutral
22,Will not recommend to others.,negative
23,Terrible customer service.,positive
24,Quick resolution of my issue.,neutral
25,Unhelpful and rude staff.,positive
26,Terrible customer service.,neutral
27,Quick resolution of my issue.,neutral
28,Exceeded my expectations!,negative
29,Terrible customer service.,negative
30,,
31,Fast delivery and great support.,positive
32,"It was okay, nothing great.",neutral
33,The product is excellent.,negative
34,Average experience overall.,negative
35,Unhelpful and rude staff.,positive
36,The product is excellent.,positive
37,Satisfied with the service.,positive
38,Quick resolution of my issue.,positive
39,Fast delivery and great support.,neutral
40,Worst experience I've ever had.,negative
41,Worst experience I've ever had.,neutral
42,The product is excellent.,negative
43,Will not recommend to others.,neutral
44,Will not recommend to others.,negative
45,Poor quality materials used.,negative
46,Good value for money.,neutral
47,Average experience overall.,negative
48,Good value for money.,positive
49,Fast delivery and great support.,positive
50,,
51,The product is excellent.,negative
52,Good value for money.,negative
53,Fast delivery and great support.,neutral
54,"It was okay, nothing great.",neutral
55,Satisfied with the service.,positive
56,Worst experience I've ever had.,neutral
57,,
58,Worst experience I've ever had.,neutral
59,Average experience overall.,neutral
60,Exceeded my expectations!,positive
61,Unhelpful and rude staff.,positive
62,The packaging was damaged.,positive
63,Loved the user interface.,positive
64,Fast delivery and great support.,positive
65,Terrible customer service.,neutral
66,,
67,Terrible customer service.,negative
68,Good value for money.,negative
69,Terrible customer service.,neutral
70,,
71,,
72,Poor quality materials used.,neutral
73,Satisfied with the service.,neutral
74,Fast delivery and great support.,negative
75,Good value for money.,neutral
76,Good value for money.,positive
77,Terrible customer service.,neutral
78,Loved the user interface.,neutral
79,The product is excellent.,positive
80,Exceeded my expectations!,positive
81,Good value for money.,positive
82,Good value for money.,negative
83,The product is excellent.,neutral
84,Quick resolution of my issue.,positive
85,The product is excellent.,neutral
86,The packaging was damaged.,positive
87,Quick resolution of my issue.,negative
88,Worst experience I've ever had.,negative
89,The product is excellent.,positive
90,Will not recommend to others.,neutral
91,Terrible customer service.,positive
92,The product is excellent.,negative
93,Satisfied with the service.,positive
94,Worst experience I've ever had.,negative
95,Unhelpful and rude staff.,positive
96,Terrible customer service.,neutral
97,The product is excellent.,neutral
98,Average experience overall.,negative
99,The packaging was damaged.,neutral
100,,
101,Terrible customer service.,negative
102,Loved the user interface.,positive
103,Loved the user interface.,negative
104,Worst experience I've ever had.,neutral
105,Quick resolution of my issue.,positive
106,Worst experience I've ever had.,negative
107,The packaging was damaged.,neutral
108,Average experience overall.,positive
109,Will not recommend to others.,negative
110,,
111,The packaging was damaged.,neutral
112,,
113,Quick resolution of my issue.,negative
114,Good value for money.,neutral
115,Satisfied with the service.,positive
116,Will not recommend to others.,neutral
117,Exceeded my expectations!,neutral
118,Poor quality materials used.,neutral
119,Poor quality materials used.,neutral
120,"It was okay, nothing great.",neutral
121,,
122,Will not recommend to others.,negative
123,Worst experience I've ever had.,positive
124,Good value for money.,neutral
125,,
126,Worst experience I've ever had.,negative
127,Unhelpful and rude staff.,positive
128,Satisfied with the service.,neutral
129,,
130,Quick resolution of my issue.,positive
131,Terrible customer service.,positive
132,Fast delivery and great support.,positive
133,Worst experience I've ever had.,negative
134,Worst experience I've ever had.,positive
135,Loved the user interface.,negative
136,,
137,Poor quality materials used.,positive
138,Quick resolution of my issue.,positive
139,Worst experience I've ever had.,negative
140,Average experience overall.,positive
141,Unhelpful and rude staff.,positive
142,Will not recommend to others.,positive
143,Good value for money.,positive
144,Unhelpful and rude staff.,positive
145,Good value for money.,neutral
146,Terrible customer service.,positive
147,Poor quality materials used.,negative
148,Fast delivery and great support.,negative
149,Average experience overall.,neutral
150,The packaging was damaged.,neutral
151,Unhelpful and rude staff.,positive
152,Loved the user interface.,positive
153,"It was okay, nothing great.",negative
154,Exceeded my expectations!,negative
155,Satisfied with the service.,neutral
156,Poor quality materials used.,neutral
157,Will not recommend to others.,neutral
158,"It was okay, nothing great.",positive
159,Will not recommend to others.,negative
160,"It was okay, nothing great.",negative
161,Loved the user interface.,positive
162,Will not recommend to others.,neutral
163,Terrible customer service.,negative
164,Satisfied with the service.,negative
165,Poor quality materials used.,positive
166,"It was okay, nothing great.",positive
167,Fast delivery and great support.,negative
168,Average experience overall.,positive
169,Fast delivery and great support.,neutral
170,Quick resolution of my issue.,negative
171,Satisfied with the service.,neutral
172,Loved the user interface.,positive
173,Will not recommend to others.,negative
174,Average experience overall.,neutral
175,Average experience overall.,positive
176,Exceeded my expectations!,neutral
177,Unhelpful and rude staff.,negative
178,Terrible customer service.,positive
179,Will not recommend to others.,negative
180,Worst experience I've ever had.,positive
181,Unhelpful and rude staff.,neutral
182,Satisfied with the service.,positive
183,Will not recommend to others.,negative
184,Poor quality materials used.,neutral
185,Quick resolution of my issue.,negative
186,Unhelpful and rude staff.,neutral
187,Will not recommend to others.,negative
188,The product is excellent.,negative
189,Average experience overall.,neutral
190,The packaging was damaged.,neutral
191,"It was okay, nothing great.",positive
192,Fast delivery and great support.,positive
193,The product is excellent.,neutral
194,Good value for money.,negative
195,Worst experience I've ever had.,positive
196,Terrible customer service.,neutral
197,Good value for money.,negative
198,Fast delivery and great support.,negative
199,The product is excellent.,neutral
200,Average experience overall.,positive
201,Loved the user interface.,negative
202,Fast delivery and great support.,negative
203,Average experience overall.,positive
204,Will not recommend to others.,positive
205,Worst experience I've ever had.,neutral
206,Satisfied with the service.,neutral
207,Fast delivery and great support.,positive
208,The product is excellent.,neutral
209,Poor quality materials used.,positive
210,Exceeded my expectations!,negative
211,,
212,,
213,,
214,Exceeded my expectations!,negative
215,Loved the user interface.,neutral
216,The product is excellent.,neutral
217,Poor quality materials used.,negative
218,Terrible customer service.,positive
219,Exceeded my expectations!,neutral
220,Unhelpful and rude staff.,neutral
221,Satisfied with the service.,neutral
222,Poor quality materials used.,positive
223,Fast delivery and great support.,positive
224,Unhelpful and rude staff.,negative
225,Exceeded my expectations!,positive
226,Terrible customer service.,neutral
227,Unhelpful and rude staff.,positive
228,Exceeded my expectations!,positive
229,The packaging was damaged.,positive
230,Exceeded my expectations!,neutral
231,Quick resolution of my issue.,negative
232,,
233,The packaging was damaged.,negative
234,,
235,Worst experience I've ever had.,neutral
236,"It was okay, nothing great.",neutral
237,Terrible customer service.,positive
238,The product is excellent.,neutral
239,Fast delivery and great support.,neutral
240,,
241,Good value for money.,neutral
242,Exceeded my expectations!,positive
243,"It was okay, nothing great.",neutral
244,Loved the user interface.,positive
245,Fast delivery and great support.,negative
246,Average experience overall.,positive
247,Quick resolution of my issue.,negative
248,,
249,The product is excellent.,negative
250,Quick resolution of my issue.,positive
251,Worst experience I've ever had.,neutral
252,,
253,"It was okay, nothing great.",negative
254,The product is excellent.,positive
255,,
256,The product is excellent.,negative
257,,
258,Unhelpful and rude staff.,neutral
259,Satisfied with the service.,negative
260,The product is excellent.,negative
261,Loved the user interface.,neutral
262,Satisfied with the service.,negative
263,Good value for money.,neutral
264,The product is excellent.,negative
265,Will not recommend to others.,positive
266,Unhelpful and rude staff.,negative
267,Poor quality materials used.,neutral
268,Worst experience I've ever had.,positive
269,Good value for money.,positive
270,Terrible customer service.,negative
271,,
272,Satisfied with the service.,neutral
273,Average experience overall.,negative
274,"It was okay, nothing great.",negative
275,Quick resolution of my issue.,positive
276,,
277,Unhelpful and rude staff.,negative
278,Poor quality materials used.,positive
279,Satisfied with the service.,positive
280,"It was okay, nothing great.",positive
281,"It was okay, nothing great.",positive
282,,
283,Good value for money.,negative
284,Quick resolution of my issue.,positive
285,Terrible customer service.,positive
286,The packaging was damaged.,positive
287,Will not recommend to others.,neutral
288,Exceeded my expectations!,neutral
289,Poor quality materials used.,neutral
290,The product is excellent.,neutral
291,Average experience overall.,neutral
292,The product is excellent.,negative
293,Quick resolution of my issue.,neutral
294,"It was okay, nothing great.",negative
295,Quick resolution of my issue.,neutral
296,The packaging was damaged.,positive
297,Fast delivery and great support.,negative
298,,
299,Average experience overall.,negative
300,Loved the user interface.,positive
301,Will not recommend to others.,negative
302,The product is excellent.,positive
303,The packaging was damaged.,negative
304,"It was okay, nothing great.",positive
305,Worst experience I've ever had.,neutral
306,The product is excellent.,neutral
307,,
308,,
309,The packaging was damaged.,negative
310,"It was okay, nothing great.",positive
311,The packaging was damaged.,neutral
312,Average experience overall.,negative
313,Satisfied with the service.,negative
314,Fast delivery and great support.,positive
315,Poor quality materials used.,positive
316,Terrible customer service.,negative
317,Good value for money.,neutral
318,Terrible customer service.,negative
319,Loved the user interface.,negative
320,Poor quality materials used.,negative
321,Quick resolution of my issue.,neutral
322,Loved the user interface.,neutral
323,Good value for money.,neutral
324,Unhelpful and rude staff.,neutral
325,,
326,Unhelpful and rude staff.,neutral
327,The packaging was damaged.,negative
328,Exceeded my expectations!,positive
329,Unhelpful and rude staff.,positive
330,The product is excellent.,neutral
331,Worst experience I've ever had.,negative
332,Unhelpful and rude staff.,positive
333,Terrible customer service.,positive
334,Terrible customer service.,neutral
335,Terrible customer service.,negative
336,Unhelpful and rude staff.,negative
337,The packaging was damaged.,positive
338,Fast delivery and great support.,neutral
339,Worst experience I've ever had.,positive
340,Will not recommend to others.,negative
341,Average experience overall.,negative
342,Poor quality materials used.,negative
343,Loved the user interface.,neutral
344,Worst experience I've ever had.,negative
345,Average experience overall.,negative
346,Will not recommend to others.,negative
347,Fast delivery and great support.,neutral
348,Fast delivery and great support.,neutral
349,Quick resolution of my issue.,negative
350,Terrible customer service.,negative
351,Good value for money.,positive
352,Worst experience I've ever had.,negative
353,,
354,,
355,Will not recommend to others.,neutral
356,Terrible customer service.,negative
357,Good value for money.,neutral
358,Fast delivery and great support.,neutral
359,"It was okay, nothing great.",positive
360,Exceeded my expectations!,positive
361,Good value for money.,neutral
362,,
363,Will not recommend to others.,negative
364,Fast delivery and great support.,negative
365,Average experience overall.,neutral
366,The product is excellent.,negative
367,,
368,Poor quality materials used.,positive
369,,
370,Quick resolution of my issue.,negative
371,Exceeded my expectations!,negative
372,Good value for money.,neutral
373,Unhelpful and rude staff.,neutral
374,Exceeded my expectations!,positive
375,,
376,Quick resolution of my issue.,negative
377,Quick resolution of my issue.,negative
378,Worst experience I've ever had.,negative
379,Worst experience I've ever had.,positive
380,Good value for money.,negative
381,Worst experience I've ever had.,negative
382,Quick resolution of my issue.,neutral
383,,
384,,
385,Poor quality materials used.,neutral
386,Unhelpful and rude staff.,positive
387,Exceeded my expectations!,positive
388,Quick resolution of my issue.,neutral
389,Satisfied with the service.,neutral
390,The packaging was damaged.,negative
391,Good value for money.,neutral
392,Worst experience I've ever had.,neutral
393,Average experience overall.,positive
394,,
395,Satisfied with the service.,neutral
396,Average experience overall.,negative
397,"It was okay, nothing great.",positive
398,Fast delivery and great support.,positive
399,Exceeded my expectations!,neutral
400,Will not recommend to others.,negative
401,Quick resolution of my issue.,positive
402,Fast delivery and great support.,positive
403,The packaging was damaged.,neutral
404,Average experience overall.,positive
405,The packaging was damaged.,negative
406,Good value for money.,negative
407,The product is excellent.,negative
408,Satisfied with the service.,positive
409,The packaging was damaged.,positive
410,Poor quality materials used.,negative
411,Loved the user interface.,neutral
412,,
413,Will not recommend to others.,positive
414,Quick resolution of my issue.,negative
415,Terrible customer service.,negative
416,The packaging was damaged.,positive
417,Satisfied with the service.,negative
418,Will not recommend to others.,positive
419,Unhelpful and rude staff.,positive
420,Will not recommend to others.,negative
421,Terrible customer service.,negative
422,Average experience overall.,negative
423,"It was okay, nothing great.",neutral
424,Quick resolution of my issue.,neutral
425,Loved the user interface.,neutral
426,"It was okay, nothing great.",neutral
427,Average experience overall.,positive
428,Exceeded my expectations!,neutral
429,Terrible customer service.,positive
430,,
431,Satisfied with the service.,negative
432,Good value for money.,neutral
433,Poor quality materials used.,neutral
434,Poor quality materials used.,neutral
435,Average experience overall.,positive
436,Fast delivery and great support.,negative
437,Worst experience I've ever had.,positive
438,The product is excellent.,positive
439,The packaging was damaged.,neutral
440,The packaging was damaged.,positive
441,Exceeded my expectations!,positive
442,Average experience overall.,negative
443,Terrible customer service.,neutral
444,Worst experience I've ever had.,negative
445,Poor quality materials used.,neutral
446,Terrible customer service.,negative
447,Quick resolution of my issue.,neutral
448,Will not recommend to others.,negative
449,"It was okay, nothing great.",positive
450,Unhelpful and rude staff.,neutral
451,,
452,Terrible customer service.,positive
453,Average experience overall.,negative
454,Will not recommend to others.,negative
455,Good value for money.,positive
456,Will not recommend to others.,negative
457,Satisfied with the service.,negative
458,Average experience overall.,negative
459,Satisfied with the service.,positive
460,Quick resolution of my issue.,negative
461,"It was okay, nothing great.",negative
462,Exceeded my expectations!,positive
463,,
464,Exceeded my expectations!,neutral
465,,
466,Terrible customer service.,neutral
467,Loved the user interface.,neutral
468,Loved the user interface.,neutral
469,"It was okay, nothing great.",neutral
470,Fast delivery and great support.,positive
471,Quick resolution of my issue.,positive
472,Good value for money.,negative
473,The packaging was damaged.,positive
474,Quick resolution of my issue.,neutral
475,Will not recommend to others.,neutral
476,Fast delivery and great support.,negative
477,Poor quality materials used.,positive
478,Satisfied with the service.,positive
479,,
480,Worst experience I've ever had.,negative
481,Unhelpful and rude staff.,positive
482,Loved the user interface.,negative
483,Terrible customer service.,positive
484,The packaging was damaged.,positive
485,The packaging was damaged.,neutral
486,Poor quality materials used.,positive
487,The product is excellent.,neutral
488,Loved the user interface.,neutral
489,Terrible customer service.,positive
490,Exceeded my expectations!,neutral
491,Satisfied with the service.,negative
492,Terrible customer service.,negative
493,Worst experience I've ever had.,positive
494,Average experience overall.,positive
495,,
496,The packaging was damaged.,neutral
497,Will not recommend to others.,neutral
498,Worst experience I've ever had.,neutral
499,Unhelpful and rude staff.,negative
500,Exceeded my expectations!,positive
501,The packaging was damaged.,negative
502,Average experience overall.,negative
503,Exceeded my expectations!,neutral
504,Loved the user interface.,positive
505,Satisfied with the service.,positive
506,Good value for money.,negative
507,Unhelpful and rude staff.,neutral
508,,
509,The packaging was damaged.,neutral
510,Worst experience I've ever had.,neutral
511,Satisfied with the service.,positive
512,Quick resolution of my issue.,neutral
513,The product is excellent.,negative
514,Fast delivery and great support.,neutral
515,Poor quality materials used.,negative
516,"It was okay, nothing great.",positive
517,The packaging was damaged.,negative
518,Will not recommend to others.,neutral
519,Worst experience I've ever had.,positive
520,Will not recommend to others.,negative
521,Poor quality materials used.,neutral
522,Unhelpful and rude staff.,positive
523,The product is excellent.,negative
524,Good value for money.,positive
525,The packaging was damaged.,negative
526,Average experience overall.,negative
527,"It was okay, nothing great.",positive
528,Poor quality materials used.,neutral
529,Worst experience I've ever had.,neutral
530,,
531,,
532,Exceeded my expectations!,negative
533,Average experience overall.,positive
534,Worst experience I've ever had.,positive
535,Good value for money.,positive
536,Average experience overall.,positive
537,Satisfied with the service.,negative
538,Good value for money.,negative
539,Unhelpful and rude staff.,negative
540,The packaging was damaged.,negative
541,Worst experience I've ever had.,positive
542,The product is excellent.,negative
543,Will not recommend to others.,positive
544,Loved the user interface.,positive
545,,
546,Unhelpful and rude staff.,negative
547,The packaging was damaged.,negative
548,Satisfied with the service.,negative
549,Loved the user interface.,positive
550,Satisfied with the service.,neutral
551,Unhelpful and rude staff.,neutral
552,Average experience overall.,neutral
553,Quick resolution of my issue.,negative
554,Poor quality materials used.,neutral
555,,
556,Fast delivery and great support.,positive
557,The packaging was damaged.,positive
558,"It was okay, nothing great.",neutral
559,Worst experience I've ever had.,positive
560,Poor quality materials used.,positive
561,Loved the user interface.,neutral
562,"It was okay, nothing great.",neutral
563,Quick resolution of my issue.,negative
564,Satisfied with the service.,negative
565,Worst experience I've ever had.,neutral
566,Good value for money.,neutral
567,The packaging was damaged.,neutral
568,Good value for money.,neutral
569,Exceeded my expectations!,positive
570,Worst experience I've ever had.,neutral
571,"It was okay, nothing great.",positive
572,Exceeded my expectations!,negative
573,,
574,Fast delivery and great support.,neutral
575,The product is excellent.,negative
576,Poor quality materials used.,positive
577,Good value for money.,positive
578,Worst experience I've ever had.,positive
579,The product is excellent.,positive
580,Quick resolution of my issue.,negative
581,Unhelpful and rude staff.,neutral
582,Loved the user interface.,positive
583,Will not recommend to others.,negative
584,,
585,,
586,,
587,Exceeded my expectations!,positive
588,Exceeded my expectations!,neutral
589,Poor quality materials used.,neutral
590,Poor quality materials used.,positive
591,Exceeded my expectations!,negative
592,Worst experience I've ever had.,negative
593,"It was okay, nothing great.",negative
594,Quick resolution of my issue.,neutral
595,Quick resolution of my issue.,neutral
596,"It was okay, nothing great.",positive
597,The packaging was damaged.,neutral
598,Will not recommend to others.,neutral
599,Satisfied with the service.,positive
600,Terrible customer service.,positive
601,Unhelpful and rude staff.,neutral
602,The packaging was damaged.,neutral
603,,
604,Satisfied with the service.,positive
605,Will not recommend to others.,negative
606,Quick resolution of my issue.,positive
607,Satisfied with the service.,positive
608,"It was okay, nothing great.",neutral
609,Will not recommend to others.,neutral
610,Exceeded my expectations!,neutral
611,Will not recommend to others.,positive
612,,
613,Worst experience I've ever had.,negative
614,Satisfied with the service.,neutral
615,Terrible customer service.,neutral
616,Loved the user interface.,neutral
617,"It was okay, nothing great.",neutral
618,,
619,Satisfied with the service.,neutral
620,Fast delivery and great support.,positive
621,,
622,Exceeded my expectations!,negative
623,Quick resolution of my issue.,negative
624,Exceeded my expectations!,neutral
625,"It was okay, nothing great.",positive
626,Unhelpful and rude staff.,positive
627,Will not recommend to others.,positive
628,The product is excellent.,negative
629,,
630,Fast delivery and great support.,negative
631,Terrible customer service.,neutral
632,Will not recommend to others.,neutral
633,Fast delivery and great support.,positive
634,Average experience overall.,neutral
635,Quick resolution of my issue.,negative
636,Average experience overall.,positive
637,Will not recommend to others.,neutral
638,Loved the user interface.,positive
639,Average experience overall.,neutral
640,Good value for money.,positive
641,Will not recommend to others.,neutral
642,Good value for money.,neutral
643,The product is excellent.,neutral
644,Unhelpful and rude staff.,neutral
645,Good value for money.,negative
646,Quick resolution of my issue.,positive
647,Will not recommend to others.,negative
648,Good value for money.,negative
649,The packaging was damaged.,neutral
650,"It was okay, nothing great.",neutral
651,Average experience overall.,positive
652,,
653,The packaging was damaged.,negative
654,Fast delivery and great support.,positive
655,,
656,"It was okay, nothing great.",neutral
657,Average experience overall.,neutral
658,Loved the user interface.,neutral
659,Exceeded my expectations!,neutral
660,The product is excellent.,neutral
661,Terrible customer service.,positive
662,Poor quality materials used.,neutral
663,Average experience overall.,negative
664,Average experience overall.,positive
665,Loved the user interface.,positive
666,Average experience overall.,neutral
667,The packaging was damaged.,neutral
668,Will not recommend to others.,positive
669,Loved the user interface.,positive
670,Fast delivery and great support.,neutral
671,,
672,Average experience overall.,neutral
673,Unhelpful and rude staff.,negative
674,Fast delivery and great support.,neutral
675,,
676,Quick resolution of my issue.,positive
677,The product is excellent.,negative
678,Unhelpful and rude staff.,neutral
679,,
680,,
681,The product is excellent.,neutral
682,Satisfied with the service.,negative
683,Loved the user interface.,neutral
684,Satisfied with the service.,positive
685,Exceeded my expectations!,positive
686,Loved the user interface.,positive
687,Exceeded my expectations!,neutral
688,Satisfied with the service.,negative
689,Terrible customer service.,positive
690,Loved the user interface.,negative
691,Good value for money.,negative
692,Terrible customer service.,positive
693,"It was okay, nothing great.",positive
694,,
695,Loved the user interface.,negative
696,Loved the user interface.,neutral
697,Average experience overall.,negative
698,Good value for money.,positive
699,Will not recommend to others.,positive
700,Loved the user interface.,positive
701,Will not recommend to others.,neutral
702,Loved the user interface.,negative
703,Unhelpful and rude staff.,positive
704,Good value for money.,neutral
705,Average experience overall.,negative
706,"It was okay, nothing great.",neutral
707,Satisfied with the service.,negative
708,The packaging was damaged.,negative
709,Terrible customer service.,neutral
710,"It was okay, nothing great.",neutral
711,Unhelpful and rude staff.,positive
712,Exceeded my expectations!,negative
713,,
714,The product is excellent.,neutral
715,Unhelpful and rude staff.,neutral
716,Good value for money.,negative
717,Good value for money.,neutral
718,Fast delivery and great support.,negative
719,Will not recommend to others.,neutral
720,Fast delivery and great support.,negative
721,Fast delivery and great support.,negative
722,Will not recommend to others.,neutral
723,Worst experience I've ever had.,positive
724,Poor quality materials used.,negative
725,Worst experience I've ever had.,positive
726,"It was okay, nothing great.",neutral
727,Will not recommend to others.,negative
728,Quick resolution of my issue.,negative
729,Poor quality materials used.,negative
730,Will not recommend to others.,positive
731,Quick resolution of my issue.,negative
732,Terrible customer service.,neutral
733,Good value for money.,negative
734,Average experience overall.,neutral
735,Good value for money.,negative
736,Satisfied with the service.,neutral
737,Good value for money.,positive
738,Fast delivery and great support.,negative
739,Good value for money.,positive
740,Exceeded my expectations!,negative
741,The product is excellent.,neutral
742,Satisfied with the service.,neutral
743,Will not recommend to others.,negative
744,The product is excellent.,negative
745,,
746,Terrible customer service.,neutral
747,,
748,Exceeded my expectations!,negative
749,Satisfied with the service.,negative
750,Poor quality materials used.,neutral
751,The packaging was damaged.,positive
752,The product is excellent.,neutral
753,The product is excellent.,positive
754,Poor quality materials used.,positive
755,Good value for money.,positive
756,,
757,The packaging was damaged.,neutral
758,The packaging was damaged.,negative
759,Unhelpful and rude staff.,neutral
760,,
761,"It was okay, nothing great.",positive
762,Fast delivery and great support.,negative
763,Loved the user interface.,neutral
764,Quick resolution of my issue.,negative
765,Terrible customer service.,positive
766,Poor quality materials used.,neutral
767,Loved the user interface.,positive
768,Good value for money.,neutral
769,Worst experience I've ever had.,positive
770,The packaging was damaged.,neutral
771,Fast delivery and great support.,neutral
772,,
773,Will not recommend to others.,negative
774,Poor quality materials used.,positive
775,Fast delivery and great support.,neutral
776,Will not recommend to others.,positive
777,Satisfied with the service.,negative
778,Loved the user interface.,negative
779,Satisfied with the service.,neutral
780,Loved the user interface.,positive
781,Average experience overall.,neutral
782,Quick resolution of my issue.,neutral
783,,
784,Fast delivery and great support.,negative
785,"It was okay, nothing great.",negative
786,,
787,The product is excellent.,negative
788,,
789,Will not recommend to others.,negative
790,Unhelpful and rude staff.,neutral
791,Worst experience I've ever had.,neutral
792,Terrible customer service.,negative
793,,
794,Poor quality materials used.,positive
795,The product is excellent.,positive
796,Unhelpful and rude staff.,positive
797,Average experience overall.,positive
798,Exceeded my expectations!,negative
799,Loved the user interface.,neutral
800,Good value for money.,negative
801,"It was okay, nothing great.",positive
802,Will not recommend to others.,positive
803,,
804,Worst experience I've ever had.,positive
805,Worst experience I've ever had.,neutral
806,Good value for money.,negative
807,Good value for money.,positive
808,,
809,Good value for money.,negative
810,The packaging was damaged.,neutral
811,Poor quality materials used.,negative
812,The product is excellent.,negative
813,The packaging was damaged.,negative
814,"It was okay, nothing great.",positive
815,Unhelpful and rude staff.,positive
816,Satisfied with the service.,positive
817,Quick resolution of my issue.,positive
818,Exceeded my expectations!,positive
819,Loved the user interface.,negative
820,Good value for money.,positive
821,The packaging was damaged.,neutral
822,Average experience overall.,negative
823,The product is excellent.,neutral
824,Terrible customer service.,positive
825,,
826,Satisfied with the service.,negative
827,"It was okay, nothing great.",positive
828,The packaging was damaged.,negative
829,The product is excellent.,neutral
830,"It was okay, nothing great.",negative
831,Will not recommend to others.,positive
832,"It was okay, nothing great.",positive
833,Will not recommend to others.,neutral
834,The product is excellent.,negative
835,,
836,Exceeded my expectations!,negative
837,Worst experience I've ever had.,negative
838,Quick resolution of my issue.,negative
839,"It was okay, nothing great.",neutral
840,Loved the user interface.,negative
841,Exceeded my expectations!,neutral
842,Good value for money.,neutral
843,The packaging was damaged.,neutral
844,Loved the user interface.,neutral
845,Satisfied with the service.,neutral
846,Poor quality materials used.,neutral
847,Loved the user interface.,neutral
848,The packaging was damaged.,positive
849,Good value for money.,positive
850,Exceeded my expectations!,negative
851,Loved the user interface.,neutral
852,Good value for money.,neutral
853,"It was okay, nothing great.",negative
854,Worst experience I've ever had.,positive
855,Terrible customer service.,negative
856,,
857,Fast delivery and great support.,positive
858,,
859,Fast delivery and great support.,neutral
860,Poor quality materials used.,neutral
861,Quick resolution of my issue.,positive
862,The packaging was damaged.,neutral
863,,
864,Poor quality materials used.,positive
865,Worst experience I've ever had.,neutral
866,The product is excellent.,positive
867,The packaging was damaged.,negative
868,Unhelpful and rude staff.,negative
869,Good value for money.,negative
870,Exceeded my expectations!,neutral
871,Exceeded my expectations!,neutral
872,Average experience overall.,positive
873,Unhelpful and rude staff.,negative
874,Satisfied with the service.,positive
875,,
876,Will not recommend to others.,positive
877,Exceeded my expectations!,negative
878,Exceeded my expectations!,negative
879,Average experience overall.,negative
880,,
881,Average experience overall.,neutral
882,Terrible customer service.,positive
883,Exceeded my expectations!,negative
884,Unhelpful and rude staff.,negative
885,Loved the user interface.,positive
886,Average experience overall.,neutral
887,,
888,Loved the user interface.,positive
889,The packaging was damaged.,neutral
890,,
891,The product is excellent.,negative
892,Loved the user interface.,negative
893,The packaging was damaged.,negative
894,Loved the user interface.,neutral
895,Average experience overall.,negative
896,Will not recommend to others.,negative
897,Loved the user interface.,negative
898,"It was okay, nothing great.",positive
899,Average experience overall.,negative
900,The product is excellent.,positive
901,Average experience overall.,negative
902,The packaging was damaged.,positive
903,Worst experience I've ever had.,negative
904,"It was okay, nothing great.",neutral
905,Will not recommend to others.,positive
906,,
907,Will not recommend to others.,positive
908,,
909,Will not recommend to others.,neutral
910,,
911,Fast delivery and great support.,negative
912,Average experience overall.,neutral
913,Exceeded my expectations!,neutral
914,Unhelpful and rude staff.,negative
915,The packaging was damaged.,positive
916,Average experience overall.,negative
917,,
918,Fast delivery and great support.,negative
919,Unhelpful and rude staff.,neutral
920,Unhelpful and rude staff.,positive
921,Unhelpful and rude staff.,negative
922,Satisfied with the service.,negative
923,"It was okay, nothing great.",neutral
924,The packaging was damaged.,positive
925,"It was okay, nothing great.",neutral
926,Terrible customer service.,positive
927,Worst experience I've ever had.,neutral
928,Unhelpful and rude staff.,neutral
929,Quick resolution of my issue.,neutral
930,"It was okay, nothing great.",negative
931,Good value for money.,positive
932,The packaging was damaged.,neutral
933,"It was okay, nothing great.",neutral
934,Exceeded my expectations!,negative
935,Average experience overall.,positive
936,Fast delivery and great support.,neutral
937,Poor quality materials used.,positive
938,Worst experience I've ever had.,negative
939,,
940,Satisfied with the service.,negative
941,Fast delivery and great support.,neutral
942,Satisfied with the service.,negative
943,Average experience overall.,neutral
944,Terrible customer service.,neutral
945,,
946,The product is excellent.,negative
947,Quick resolution of my issue.,positive
948,Poor quality materials used.,neutral
949,Terrible customer service.,neutral
950,,
951,The packaging was damaged.,neutral
952,"It was okay, nothing great.",positive
953,The product is excellent.,negative
954,Unhelpful and rude staff.,negative
955,The product is excellent.,negative
956,Terrible customer service.,neutral
957,Terrible customer service.,neutral
958,Quick resolution of my issue.,positive
959,Good value for money.,neutral
960,Will not recommend to others.,neutral
961,"It was okay, nothing great.",neutral
962,Worst experience I've ever had.,positive
963,Terrible customer service.,neutral
964,Satisfied with the service.,positive
965,,
966,"It was okay, nothing great.",neutral
967,"It was okay, nothing great.",positive
968,Terrible customer service.,neutral
969,Will not recommend to others.,negative
970,Fast delivery and great support.,negative
971,Quick resolution of my issue.,positive
972,Fast delivery and great support.,neutral
973,The packaging was damaged.,positive
974,,
975,Satisfied with the service.,neutral
976,Average experience overall.,neutral
977,Loved the user interface.,neutral
978,Satisfied with the service.,positive
979,"It was okay, nothing great.",neutral
980,Satisfied with the service.,negative
981,The product is excellent.,neutral
982,The packaging was damaged.,neutral
983,Average experience overall.,negative
984,Poor quality materials used.,neutral
985,Satisfied with the service.,positive
986,Average experience overall.,negative
987,Unhelpful and rude staff.,neutral
988,,
989,Worst experience I've ever had.,negative
990,Will not recommend to others.,positive
991,Will not recommend to others.,negative
992,Satisfied with the service.,positive
993,Poor quality materials used.,neutral
994,,
995,Quick resolution of my issue.,neutral
996,Terrible customer service.,positive
997,Will not recommend to others.,neutral
998,Good value for money.,positive
999,The packaging was damaged.,neutral
1000,"It was okay, nothing great.",neutral
1001,Exceeded my expectations!,negative
1002,Terrible customer service.,neutral
1003,Unhelpful and rude staff.,negative
1004,The product is excellent.,positive
1005,Quick resolution of my issue.,negative
1006,Good value for money.,positive
1007,Quick resolution of my issue.,positive
1008,The product is excellent.,neutral
1009,Poor quality materials used.,neutral
1010,Will not recommend to others.,neutral
1011,Terrible customer service.,positive
1012,Will not recommend to others.,negative
1013,Terrible customer service.,positive
1014,Worst experience I've ever had.,negative
1015,Satisfied with the service.,positive
1016,Will not recommend to others.,negative
1017,Unhelpful and rude staff.,positive
1018,Unhelpful and rude staff.,neutral
1019,Poor quality materials used.,positive
1020,Exceeded my expectations!,neutral
1021,Terrible customer service.,negative
1022,Will not recommend to others.,positive
1023,Unhelpful and rude staff.,negative
1024,Terrible customer service.,positive
1025,Quick resolution of my issue.,neutral
1026,"It was okay, nothing great.",negative
1027,Good value for money.,neutral
1028,The product is excellent.,positive
1029,Fast delivery and great support.,neutral
1030,Quick resolution of my issue.,negative
1031,Worst experience I've ever had.,negative
1032,Average experience overall.,neutral
1033,Terrible customer service.,negative
1034,Terrible customer service.,negative
1035,Unhelpful and rude staff.,negative
1036,Loved the user interface.,neutral
1037,,
1038,Quick resolution of my issue.,neutral
1039,Quick resolution of my issue.,negative
1040,The packaging was damaged.,neutral
1041,"It was okay, nothing great.",positive
1042,,
1043,Good value for money.,positive
1044,Loved the user interface.,negative
1045,Worst experience I've ever had.,positive
1046,Worst experience I've ever had.,negative
1047,Unhelpful and rude staff.,positive
1048,Will not recommend to others.,positive
1049,"It was okay, nothing great.",neutral
1050,Poor quality materials used.,positive
1051,Exceeded my expectations!,neutral
1052,The packaging was damaged.,positive
1053,Quick resolution of my issue.,positive
1054,Loved the user interface.,positive
1055,,
1056,The product is excellent.,neutral
1057,Poor quality materials used.,positive
1058,Terrible customer service.,neutral
1059,Will not recommend to others.,positive
1060,The product is excellent.,positive
1061,Satisfied with the service.,negative
1062,Good value for money.,neutral
1063,Loved the user interface.,positive
1064,Quick resolution of my issue.,negative
1065,"It was okay, nothing great.",negative
1066,Fast delivery and great support.,negative
1067,"It was okay, nothing great.",negative
1068,Quick resolution of my issue.,neutral
1069,Poor quality materials used.,negative
1070,Loved the user interface.,negative
1071,Quick resolution of my issue.,positive
1072,Exceeded my expectations!,negative
1073,Poor quality materials used.,neutral
1074,Worst experience I've ever had.,negative
1075,Quick resolution of my issue.,positive
1076,Terrible customer service.,negative
1077,Good value for money.,neutral
1078,Poor quality materials used.,neutral
1079,,
1080,Good value for money.,negative
1081,,
1082,Poor quality materials used.,negative
1083,Will not recommend to others.,negative
1084,,
1085,Unhelpful and rude staff.,positive
1086,Quick resolution of my issue.,negative
1087,The packaging was damaged.,negative
1088,Exceeded my expectations!,negative
1089,The product is excellent.,neutral
1090,,
1091,Loved the user interface.,positive
1092,Poor quality materials used.,negative
1093,Poor quality materials used.,positive
1094,Quick resolution of my issue.,neutral
1095,Unhelpful and rude staff.,negative
1096,Terrible customer service.,positive
1097,Terrible customer service.,neutral
1098,The packaging was damaged.,positive
1099,Average experience overall.,negative
1100,"It was okay, nothing great.",positive
1101,Unhelpful and rude staff.,neutral
1102,Unhelpful and rude staff.,negative
1103,The packaging was damaged.,neutral
1104,,
1105,The packaging was damaged.,negative
1106,,
1107,Exceeded my expectations!,positive
1108,,
1109,Satisfied with the service.,positive
1110,Unhelpful and rude staff.,positive
1111,Terrible customer service.,negative
1112,Good value for money.,negative
1113,Exceeded my expectations!,negative
1114,Quick resolution of my issue.,positive
1115,The packaging was damaged.,neutral
1116,Will not recommend to others.,negative
1117,Unhelpful and rude staff.,neutral
1118,Satisfied with the service.,neutral
1119,,
1120,"It was okay, nothing great.",neutral
1121,,
1122,"It was okay, nothing great.",negative
1123,Worst experience I've ever had.,negative
1124,"It was okay, nothing great.",neutral
1125,Good value for money.,neutral
1126,Will not recommend to others.,positive
1127,Loved the user interface.,neutral
1128,Satisfied with the service.,positive
1129,Poor quality materials used.,negative
1130,Loved the user interface.,negative
1131,Satisfied with the service.,neutral
1132,The product is excellent.,positive
1133,Satisfied with the service.,positive
1134,Will not recommend to others.,positive
1135,Worst experience I've ever had.,neutral
1136,Quick resolution of my issue.,neutral
1137,Good value for money.,positive
1138,The product is excellent.,negative
1139,Loved the user interface.,negative
1140,Unhelpful and rude staff.,positive
1141,Loved the user interface.,neutral
1142,Average experience overall.,neutral
1143,Satisfied with the service.,negative
1144,"It was okay, nothing great.",neutral
1145,Unhelpful and rude staff.,positive
1146,Average experience overall.,positive
1147,Quick resolution of my issue.,positive
1148,Unhelpful and rude staff.,negative
1149,The product is excellent.,neutral
1150,Poor quality materials used.,positive
1151,Exceeded my expectations!,positive
1152,"It was okay, nothing great.",negative
1153,Exceeded my expectations!,positive
1154,Poor quality materials used.,negative
1155,Will not recommend to others.,positive
1156,Good value for money.,positive
1157,The packaging was damaged.,negative
1158,Fast delivery and great support.,positive
1159,"It was okay, nothing great.",positive
1160,The product is excellent.,positive
1161,The packaging was damaged.,positive
1162,The product is excellent.,positive
1163,Will not recommend to others.,neutral
1164,Loved the user interface.,negative
1165,,
1166,Exceeded my expectations!,neutral
1167,Unhelpful and rude staff.,positive
1168,Average experience overall.,positive
1169,Quick resolution of my issue.,negative
1170,Unhelpful and rude staff.,negative
1171,Exceeded my expectations!,neutral
1172,Unhelpful and rude staff.,negative
1173,Unhelpful and rude staff.,negative
1174,Unhelpful and rude staff.,positive
1175,Good value for money.,neutral
1176,Terrible customer service.,positive
1177,Terrible customer service.,positive
1178,Exceeded my expectations!,neutral
1179,,
1180,,
1181,Terrible customer service.,negative
1182,Will not recommend to others.,positive
1183,,
1184,Loved the user interface.,neutral
1185,Worst experience I've ever had.,neutral
1186,Exceeded my expectations!,positive
1187,Poor quality materials used.,neutral
1188,Quick resolution of my issue.,negative
1189,The product is excellent.,positive
1190,Quick resolution of my issue.,negative
1191,,
1192,The packaging was damaged.,positive
1193,Quick resolution of my issue.,positive
1194,,
1195,Good value for money.,negative
1196,The packaging was damaged.,positive
1197,Fast delivery and great support.,neutral
1198,Average experience overall.,neutral
1199,,
1200,"It was okay, nothing great.",negative
1201,The product is excellent.,neutral
1202,Quick resolution of my issue.,positive
1203,Loved the user interface.,neutral
1204,The packaging was damaged.,negative
1205,Terrible customer service.,neutral
1206,Worst experience I've ever had.,negative
1207,Unhelpful and rude staff.,positive
1208,Fast delivery and great support.,negative
1209,Terrible customer service.,positive
1210,Quick resolution of my issue.,neutral
1211,Good value for money.,negative
1212,Good value for money.,positive
1213,Poor quality materials used.,positive
1214,The packaging was damaged.,neutral
1215,Loved the user interface.,negative
1216,Unhelpful and rude staff.,negative
1217,Will not recommend to others.,neutral
1218,Poor quality materials used.,neutral
1219,Will not recommend to others.,neutral
1220,"It was okay, nothing great.",negative
1221,Satisfied with the service.,negative
1222,Good value for money.,positive
1223,Will not recommend to others.,positive
1224,,
1225,Will not recommend to others.,neutral
1226,,
1227,Loved the user interface.,negative
1228,Average experience overall.,neutral
1229,Average experience overall.,positive
1230,Will not recommend to others.,negative
1231,Worst experience I've ever had.,positive
1232,The product is excellent.,negative
1233,Good value for money.,positive
1234,,
1235,"It was okay, nothing great.",neutral
1236,Exceeded my expectations!,negative
1237,Terrible customer service.,positive
1238,Unhelpful and rude staff.,neutral
1239,Exceeded my expectations!,positive
1240,Unhelpful and rude staff.,negative
1241,Loved the user interface.,negative
1242,Quick resolution of my issue.,negative
1243,,
1244,Worst experience I've ever had.,negative
1245,,
1246,Quick resolution of my issue.,neutral
1247,Unhelpful and rude staff.,positive
1248,Poor quality materials used.,neutral
1249,Fast delivery and great support.,neutral
1250,The product is excellent.,negative
1251,Unhelpful and rude staff.,negative
1252,Fast delivery and great support.,positive
1253,Average experience overall.,neutral
1254,Average experience overall.,neutral
1255,Worst experience I've ever had.,positive
1256,The product is excellent.,positive
1257,Exceeded my expectations!,positive
1258,Satisfied with the service.,neutral
1259,Terrible customer service.,positive
1260,,
1261,Exceeded my expectations!,neutral
1262,Poor quality materials used.,positive
1263,Terrible customer service.,negative
1264,The packaging was damaged.,neutral
1265,Fast delivery and great support.,positive
1266,Fast delivery and great support.,neutral
1267,Will not recommend to others.,negative
1268,Fast delivery and great support.,neutral
1269,Worst experience I've ever had.,neutral
1270,Average experience overall.,positive
1271,Satisfied with the service.,positive
1272,The product is excellent.,positive
1273,Quick resolution of my issue.,negative
1274,,
1275,Good value for money.,positive
1276,Worst experience I've ever had.,negative
1277,Quick resolution of my issue.,neutral
1278,Satisfied with the service.,neutral
1279,,
1280,Will not recommend to others.,positive
1281,"It was okay, nothing great.",negative
1282,"It was okay, nothing great.",neutral
1283,Poor quality materials used.,neutral
1284,Exceeded my expectations!,negative
1285,Average experience overall.,negative
1286,Fast delivery and great support.,negative
1287,Good value for money.,neutral
1288,Satisfied with the service.,positive
1289,The packaging was damaged.,negative
1290,,
1291,,
1292,Loved the user interface.,positive
1293,,
1294,Worst experience I've ever had.,positive
1295,Quick resolution of my issue.,positive
1296,Poor quality materials used.,negative
1297,Quick resolution of my issue.,positive
1298,Exceeded my expectations!,negative
1299,Worst experience I've ever had.,positive
1300,Poor quality materials used.,neutral
1301,Average experience overall.,negative
1302,Worst experience I've ever had.,negative
1303,Terrible customer service.,negative
1304,Exceeded my expectations!,negative
1305,Average experience overall.,positive
1306,The product is excellent.,positive
1307,Unhelpful and rude staff.,neutral
1308,Quick resolution of my issue.,negative
1309,The product is excellent.,positive
1310,Loved the user interface.,neutral
1311,Unhelpful and rude staff.,positive
1312,Poor quality materials used.,neutral
1313,Worst experience I've ever had.,neutral
1314,,
1315,Poor quality materials used.,negative
1316,Terrible customer service.,neutral
1317,Poor quality materials used.,negative
1318,Average experience overall.,negative
1319,Worst experience I've ever had.,neutral
1320,Will not recommend to others.,neutral
1321,The product is excellent.,neutral
1322,Average experience overall.,neutral
1323,Unhelpful and rude staff.,positive
1324,,
1325,,
1326,Average experience overall.,positive
1327,The packaging was damaged.,neutral
1328,Good value for money.,neutral
1329,"It was okay, nothing great.",negative
1330,The packaging was damaged.,negative
1331,Fast delivery and great support.,neutral
1332,Fast delivery and great support.,positive
1333,The product is excellent.,positive
1334,,
1335,Quick resolution of my issue.,neutral
1336,Exceeded my expectations!,positive
1337,The packaging was damaged.,neutral
1338,Will not recommend to others.,negative
1339,Loved the user interface.,negative
1340,Good value for money.,negative
1341,Satisfied with the service.,negative
1342,Poor quality materials used.,positive
1343,"It was okay, nothing great.",positive
1344,"It was okay, nothing great.",negative
1345,"It was okay, nothing great.",neutral
1346,,
1347,Quick resolution of my issue.,positive
1348,Good value for money.,positive
1349,The product is excellent.,negative
1350,Good value for money.,neutral
1351,Satisfied with the service.,negative
1352,"It was okay, nothing great.",negative
1353,Poor quality materials used.,positive
1354,Poor quality materials used.,positive
1355,"It was okay, nothing great.",positive
1356,Worst experience I've ever had.,positive
1357,Worst experience I've ever had.,positive
1358,Poor quality materials used.,positive
1359,Exceeded my expectations!,neutral
1360,The packaging was damaged.,neutral
1361,Worst experience I've ever had.,positive
1362,Loved the user interface.,positive
1363,Exceeded my expectations!,negative
1364,Worst experience I've ever had.,positive
1365,Terrible customer service.,neutral
1366,Terrible customer service.,negative
1367,Poor quality materials used.,neutral
1368,Exceeded my expectations!,positive
1369,Quick resolution of my issue.,positive
1370,Good value for money.,negative
1371,,
1372,Good value for money.,positive
1373,Quick resolution of my issue.,negative
1374,Worst experience I've ever had.,negative
1375,Good value for money.,negative
1376,Will not recommend to others.,positive
1377,"It was okay, nothing great.",positive
1378,Fast delivery and great support.,neutral
1379,Will not recommend to others.,positive
1380,Poor quality materials used.,neutral
1381,Loved the user interface.,positive
1382,Loved the user interface.,positive
1383,Quick resolution of my issue.,negative
1384,Poor quality materials used.,neutral
1385,,
1386,Loved the user interface.,negative
1387,Good value for money.,neutral
1388,Will not recommend to others.,positive
1389,Exceeded my expectations!,negative
1390,Exceeded my expectations!,neutral
1391,Unhelpful and rude staff.,positive
1392,Poor quality materials used.,positive
1393,Poor quality materials used.,neutral
1394,Good value for money.,neutral
1395,Worst experience I've ever had.,positive
1396,,
1397,Poor quality materials used.,neutral
1398,Quick resolution of my issue.,negative
1399,Worst experience I've ever had.,neutral
1400,Unhelpful and rude staff.,positive
1401,Loved the user interface.,neutral
1402,Average experience overall.,negative
1403,The product is excellent.,positive
1404,Average experience overall.,positive
1405,Fast delivery and great support.,neutral
1406,Terrible customer service.,neutral
1407,Will not recommend to others.,negative
1408,Average experience overall.,negative
1409,Loved the user interface.,negative
1410,Poor quality materials used.,positive
1411,Good value for money.,neutral
1412,Quick resolution of my issue.,positive
1413,Will not recommend to others.,positive
1414,Unhelpful and rude staff.,neutral
1415,Worst experience I've ever had.,neutral
1416,Will not recommend to others.,neutral
1417,The packaging was damaged.,neutral
1418,The packaging was damaged.,positive
1419,Worst experience I've ever had.,positive
1420,,
1421,Quick resolution of my issue.,positive
1422,Exceeded my expectations!,neutral
1423,Satisfied with the service.,negative
1424,Fast delivery and great support.,positive
1425,The packaging was damaged.,neutral
1426,The packaging was damaged.,negative
1427,"It was okay, nothing great.",neutral
1428,"It was okay, nothing great.",negative
1429,The packaging was damaged.,neutral
1430,"It was okay, nothing great.",positive
1431,Quick resolution of my issue.,neutral
1432,Poor quality materials used.,negative
1433,Poor quality materials used.,positive
1434,The packaging was damaged.,positive
1435,Exceeded my expectations!,neutral
1436,Exceeded my expectations!,positive
1437,The product is excellent.,positive
1438,Average experience overall.,negative
1439,The packaging was damaged.,positive
1440,The product is excellent.,neutral
1441,Unhelpful and rude staff.,positive
1442,Exceeded my expectations!,positive
1443,Worst experience I've ever had.,positive
1444,Terrible customer service.,positive
1445,Will not recommend to others.,neutral
1446,Worst experience I've ever had.,neutral
1447,Average experience overall.,neutral
1448,Quick resolution of my issue.,neutral
1449,Worst experience I've ever had.,negative
1450,Exceeded my expectations!,neutral
1451,,
1452,Loved the user interface.,positive
1453,Quick resolution of my issue.,positive
1454,,
1455,Will not recommend to others.,neutral
1456,Poor quality materials used.,positive
1457,Unhelpful and rude staff.,neutral
1458,Exceeded my expectations!,neutral
1459,Good value for money.,negative
1460,Loved the user interface.,neutral
1461,Quick resolution of my issue.,neutral
1462,Poor quality materials used.,neutral
1463,"It was okay, nothing great.",neutral
1464,Exceeded my expectations!,positive
1465,,
1466,Poor quality materials used.,negative
1467,Poor quality materials used.,neutral
1468,Unhelpful and rude staff.,positive
1469,Fast delivery and great support.,neutral
1470,Exceeded my expectations!,negative
1471,Worst experience I've ever had.,positive
1472,Terrible customer service.,neutral
1473,Satisfied with the service.,positive
1474,,
1475,,
1476,Satisfied with the service.,positive
1477,Unhelpful and rude staff.,neutral
1478,The packaging was damaged.,neutral
1479,Quick resolution of my issue.,negative
1480,Satisfied with the service.,neutral
1481,Worst experience I've ever had.,negative
1482,Satisfied with the service.,neutral
1483,Will not recommend to others.,negative
1484,,
1485,The packaging was damaged.,positive
1486,Exceeded my expectations!,negative
1487,Fast delivery and great support.,neutral
1488,,
1489,Good value for money.,neutral
1490,"It was okay, nothing great.",neutral
1491,The packaging was damaged.,negative
1492,Satisfied with the service.,negative
1493,Average experience overall.,neutral
1494,Average experience overall.,neutral
1495,Will not recommend to others.,positive
1496,Poor quality materials used.,positive
1497,The product is excellent.,neutral
1498,Poor quality materials used.,neutral
1499,Loved the user interface.,positive
1500,Will not recommend to others.,negative
1501,Satisfied with the service.,neutral
1502,Good value for money.,neutral
1503,,
1504,Fast delivery and great support.,negative
1505,The product is excellent.,negative
1506,Quick resolution of my issue.,negative
1507,Fast delivery and great support.,negative
1508,Poor quality materials used.,negative
1509,Worst experience I've ever had.,negative
1510,The packaging was damaged.,negative
1511,Satisfied with the service.,positive
1512,Unhelpful and rude staff.,positive
1513,,
1514,Average experience overall.,negative
1515,Good value for money.,neutral
1516,Average experience overall.,neutral
1517,"It was okay, nothing great.",negative
1518,Will not recommend to others.,positive
1519,Unhelpful and rude staff.,neutral
1520,Terrible customer service.,negative
1521,The product is excellent.,positive
1522,Average experience overall.,negative
1523,"It was okay, nothing great.",negative
1524,"It was okay, nothing great.",negative
1525,Worst experience I've ever had.,negative
1526,Loved the user interface.,neutral
1527,Loved the user interface.,neutral
1528,Poor quality materials used.,negative
1529,Will not recommend to others.,neutral
1530,Worst experience I've ever had.,positive
1531,Satisfied with the service.,neutral
1532,Poor quality materials used.,neutral
1533,,
1534,Average experience overall.,neutral
1535,Unhelpful and rude staff.,negative
1536,"It was okay, nothing great.",neutral
1537,Quick resolution of my issue.,positive
1538,The product is excellent.,neutral
1539,Quick resolution of my issue.,negative
1540,"It was okay, nothing great.",neutral
1541,The packaging was damaged.,negative
1542,Poor quality materials used.,positive
1543,Exceeded my expectations!,negative
1544,The product is excellent.,positive
1545,,
1546,Satisfied with the service.,positive
1547,,
1548,Terrible customer service.,negative
1549,Will not recommend to others.,negative
1550,Quick resolution of my issue.,positive
1551,Exceeded my expectations!,neutral
1552,,
1553,The product is excellent.,positive
1554,Exceeded my expectations!,positive
1555,Poor quality materials used.,neutral
1556,,
1557,,
1558,"It was okay, nothing great.",positive
1559,Exceeded my expectations!,negative
1560,The product is excellent.,positive
1561,The product is excellent.,negative
1562,The product is excellent.,neutral
1563,Worst experience I've ever had.,positive
1564,"It was okay, nothing great.",positive
1565,Exceeded my expectations!,neutral
1566,Worst experience I've ever had.,positive
1567,,
1568,Loved the user interface.,negative
1569,,
1570,Will not recommend to others.,negative
1571,"It was okay, nothing great.",negative
1572,Worst experience I've ever had.,positive
1573,Good value for money.,neutral
1574,Poor quality materials used.,neutral
1575,The product is excellent.,negative
1576,Quick resolution of my issue.,positive
1577,Terrible customer service.,negative
1578,Worst experience I've ever had.,positive
1579,"It was okay, nothing great.",negative
1580,Good value for money.,positive
1581,Will not recommend to others.,negative
1582,Quick resolution of my issue.,neutral
1583,Terrible customer service.,negative
1584,Will not recommend to others.,neutral
1585,Average experience overall.,neutral
1586,Good value for money.,negative
1587,The packaging was damaged.,neutral
1588,Exceeded my expectations!,positive
1589,Terrible customer service.,positive
1590,Satisfied with the service.,positive
1591,Satisfied with the service.,negative
1592,Satisfied with the service.,positive
1593,Poor quality materials used.,negative
1594,Fast delivery and great support.,neutral
1595,Satisfied with the service.,neutral
1596,Poor quality materials used.,negative
1597,Quick resolution of my issue.,neutral
1598,Terrible customer service.,negative
1599,The packaging was damaged.,positive
1600,"It was okay, nothing great.",positive
1601,Average experience overall.,negative
1602,Terrible customer service.,negative
1603,The packaging was damaged.,positive
1604,Will not recommend to others.,negative
1605,Unhelpful and rude staff.,negative
1606,,
1607,Exceeded my expectations!,negative
1608,Loved the user interface.,positive
1609,,
1610,,
1611,Fast delivery and great support.,positive
1612,The packaging was damaged.,negative
1613,The product is excellent.,neutral
1614,Loved the user interface.,neutral
1615,Worst experience I've ever had.,neutral
1616,Quick resolution of my issue.,positive
1617,The packaging was damaged.,negative
1618,Will not recommend to others.,positive
1619,Good value for money.,negative
1620,The packaging was damaged.,neutral
1621,Poor quality materials used.,negative
1622,,
1623,Worst experience I've ever had.,negative
1624,,
1625,Loved the user interface.,positive
1626,Good value for money.,negative
1627,The product is excellent.,neutral
1628,Quick resolution of my issue.,positive
1629,Will not recommend to others.,negative
1630,Poor quality materials used.,negative
1631,Exceeded my expectations!,negative
1632,Exceeded my expectations!,negative
1633,"It was okay, nothing great.",positive
1634,Quick resolution of my issue.,neutral
1635,The packaging was damaged.,negative
1636,Average experience overall.,positive
1637,Quick resolution of my issue.,positive
1638,The packaging was damaged.,negative
1639,Poor quality materials used.,negative
1640,Good value for money.,neutral
1641,,
1642,Fast delivery and great support.,positive
1643,Poor quality materials used.,positive
1644,The product is excellent.,positive
1645,The product is excellent.,negative
1646,"It was okay, nothing great.",positive
1647,,
1648,,
1649,"It was okay, nothing great.",positive
1650,Unhelpful and rude staff.,negative
1651,Exceeded my expectations!,negative
1652,"It was okay, nothing great.",positive
1653,,
1654,Will not recommend to others.,negative
1655,Fast delivery and great support.,positive
1656,The packaging was damaged.,positive
1657,Poor quality materials used.,neutral
1658,Terrible customer service.,neutral
1659,Average experience overall.,positive
1660,,
1661,Poor quality materials used.,negative
1662,"It was okay, nothing great.",neutral
1663,Poor quality materials used.,positive
1664,The packaging was damaged.,neutral
1665,,
1666,Will not recommend to others.,positive
1667,,
1668,Satisfied with the service.,neutral
1669,"It was okay, nothing great.",positive
1670,The packaging was damaged.,negative
1671,"It was okay, nothing great.",positive
1672,Poor quality materials used.,negative
1673,Worst experience I've ever had.,negative
1674,,
1675,Worst experience I've ever had.,neutral
1676,Satisfied with the service.,negative
1677,Average experience overall.,positive
1678,Loved the user interface.,negative
1679,The packaging was damaged.,positive
1680,Poor quality materials used.,neutral
1681,Satisfied with the service.,positive
1682,Average experience overall.,neutral
1683,Good value for money.,negative
1684,Terrible customer service.,positive
1685,Loved the user interface.,negative
1686,Exceeded my expectations!,neutral
1687,Terrible customer service.,negative
1688,Fast delivery and great support.,positive
1689,Will not recommend to others.,negative
1690,Poor quality materials used.,positive
1691,Exceeded my expectations!,negative
1692,,
1693,Unhelpful and rude staff.,positive
1694,Will not recommend to others.,negative
1695,"It was okay, nothing great.",negative
1696,The product is excellent.,positive
1697,,
1698,,
1699,Loved the user interface.,positive
1700,,
1701,Will not recommend to others.,negative
1702,The packaging was damaged.,negative
1703,The packaging was damaged.,positive
1704,Terrible customer service.,negative
1705,Loved the user interface.,negative
1706,Fast delivery and great support.,positive
1707,Average experience overall.,positive
1708,The packaging was damaged.,positive
1709,Unhelpful and rude staff.,negative
1710,Average experience overall.,negative
1711,The packaging was damaged.,negative
1712,Loved the user interface.,neutral
1713,"It was okay, nothing great.",negative
1714,"It was okay, nothing great.",positive
1715,Good value for money.,positive
1716,Fast delivery and great support.,negative
1717,"It was okay, nothing great.",positive
1718,Will not recommend to others.,negative
1719,Exceeded my expectations!,positive
1720,"It was okay, nothing great.",positive
1721,Good value for money.,negative
1722,Poor quality materials used.,negative
1723,Satisfied with the service.,neutral
1724,Unhelpful and rude staff.,positive
1725,"It was okay, nothing great.",negative
1726,Will not recommend to others.,neutral
1727,Quick resolution of my issue.,negative
1728,Will not recommend to others.,neutral
1729,,
1730,,
1731,The packaging was damaged.,negative
1732,,
1733,The packaging was damaged.,neutral
1734,Satisfied with the service.,positive
1735,Will not recommend to others.,negative
1736,Loved the user interface.,neutral
1737,Fast delivery and great support.,positive
1738,Terrible customer service.,neutral
1739,Terrible customer service.,negative
1740,"It was okay, nothing great.",positive
1741,Average experience overall.,neutral
1742,,
1743,Worst experience I've ever had.,positive
1744,Poor quality materials used.,neutral
1745,Will not recommend to others.,neutral
1746,Exceeded my expectations!,positive
1747,Average experience overall.,positive
1748,Exceeded my expectations!,positive
1749,Loved the user interface.,positive
1750,Good value for money.,positive
1751,Terrible customer service.,positive
1752,Good value for money.,negative
1753,Satisfied with the service.,positive
1754,The packaging was damaged.,positive
1755,Good value for money.,negative
1756,Worst experience I've ever had.,negative
1757,Poor quality materials used.,neutral
1758,Loved the user interface.,positive
1759,Satisfied with the service.,negative
1760,Terrible customer service.,neutral
1761,Exceeded my expectations!,positive
1762,Terrible customer service.,negative
1763,Satisfied with the service.,negative
1764,Good value for money.,negative
1765,Average experience overall.,neutral
1766,"It was okay, nothing great.",negative
1767,The product is excellent.,positive
1768,,
1769,The packaging was damaged.,neutral
1770,Satisfied with the service.,negative
1771,"It was okay, nothing great.",negative
1772,"It was okay, nothing great.",negative
1773,The packaging was damaged.,positive
1774,Terrible customer service.,negative
1775,Fast delivery and great support.,negative
1776,Terrible customer service.,negative
1777,Average experience overall.,positive
1778,Satisfied with the service.,positive
1779,Poor quality materials used.,positive
1780,Good value for money.,negative
1781,Loved the user interface.,negative
1782,Satisfied with the service.,negative
1783,Average experience overall.,neutral
1784,Fast delivery and great support.,neutral
1785,Worst experience I've ever had.,neutral
1786,Fast delivery and great support.,positive
1787,Fast delivery and great support.,negative
1788,Unhelpful and rude staff.,negative
1789,The product is excellent.,negative
1790,,
1791,Unhelpful and rude staff.,positive
1792,Quick resolution of my issue.,negative
1793,Good value for money.,positive
1794,Exceeded my expectations!,negative
1795,Terrible customer service.,negative
1796,Satisfied with the service.,negative
1797,Poor quality materials used.,positive
1798,Worst experience I've ever had.,negative
1799,,
1800,Fast delivery and great support.,negative
1801,"It was okay, nothing great.",positive
1802,Will not recommend to others.,negative
1803,Satisfied with the service.,positive
1804,Worst experience I've ever had.,positive
1805,Loved the user interface.,neutral
1806,Satisfied with the service.,neutral
1807,Quick resolution of my issue.,positive
1808,Unhelpful and rude staff.,negative
1809,Fast delivery and great support.,positive
1810,Will not recommend to others.,neutral
1811,Quick resolution of my issue.,neutral
1812,Unhelpful and rude staff.,neutral
1813,Satisfied with the service.,neutral
1814,The packaging was damaged.,negative
1815,"It was okay, nothing great.",negative
1816,Exceeded my expectations!,positive
1817,"It was okay, nothing great.",neutral
1818,Loved the user interface.,positive
1819,,
1820,,
1821,"It was okay, nothing great.",positive
1822,Fast delivery and great support.,neutral
1823,Unhelpful and rude staff.,positive
1824,Quick resolution of my issue.,neutral
1825,Satisfied with the service.,positive
1826,,
1827,Average experience overall.,positive
1828,Satisfied with the service.,negative
1829,Terrible customer service.,negative
1830,Worst experience I've ever had.,neutral
1831,Fast delivery and great support.,negative
1832,Unhelpful and rude staff.,neutral
1833,Quick resolution of my issue.,positive
1834,,
1835,Unhelpful and rude staff.,negative
1836,Satisfied with the service.,negative
1837,"It was okay, nothing great.",negative
1838,Fast delivery and great support.,neutral
1839,,
1840,Loved the user interface.,negative
1841,Average experience overall.,positive
1842,Poor quality materials used.,negative
1843,Average experience overall.,negative
1844,Unhelpful and rude staff.,negative
1845,Average experience overall.,positive
1846,Will not recommend to others.,neutral
1847,The packaging was damaged.,positive
1848,,
1849,Poor quality materials used.,negative
1850,Worst experience I've ever had.,negative
1851,Will not recommend to others.,positive
1852,Quick resolution of my issue.,neutral
1853,,
1854,Terrible customer service.,positive
1855,Fast delivery and great support.,negative
1856,The packaging was damaged.,negative
1857,Quick resolution of my issue.,positive
1858,The product is excellent.,negative
1859,Unhelpful and rude staff.,positive
1860,The packaging was damaged.,neutral
1861,,
1862,The packaging was damaged.,positive
1863,Loved the user interface.,neutral
1864,Good value for money.,positive
1865,The product is excellent.,negative
1866,Terrible customer service.,positive
1867,Unhelpful and rude staff.,neutral
1868,Poor quality materials used.,negative
1869,Average experience overall.,positive
1870,Exceeded my expectations!,positive
1871,The packaging was damaged.,positive
1872,Exceeded my expectations!,negative
1873,Worst experience I've ever had.,neutral
1874,,
1875,The packaging was damaged.,negative
1876,Will not recommend to others.,negative
1877,Loved the user interface.,neutral
1878,Will not recommend to others.,neutral
1879,The product is excellent.,neutral
1880,Will not recommend to others.,negative
1881,Terrible customer service.,negative
1882,Loved the user interface.,negative
1883,Exceeded my expectations!,positive
1884,Quick resolution of my issue.,positive
1885,,
1886,Worst experience I've ever had.,neutral
1887,Loved the user interface.,neutral
1888,Poor quality materials used.,negative
1889,"It was okay, nothing great.",positive
1890,Good value for money.,neutral
1891,The product is excellent.,positive
1892,Unhelpful and rude staff.,negative
1893,Poor quality materials used.,positive
1894,,
1895,Terrible customer service.,positive
1896,Will not recommend to others.,neutral
1897,The packaging was damaged.,positive
1898,Fast delivery and great support.,negative
1899,"It was okay, nothing great.",positive
1900,The product is excellent.,positive
1901,Terrible customer service.,neutral
1902,Fast delivery and great support.,negative
1903,The packaging was damaged.,negative
1904,Satisfied with the service.,positive
1905,Unhelpful and rude staff.,negative
1906,,
1907,The product is excellent.,positive
1908,Quick resolution of my issue.,positive
1909,Satisfied with the service.,positive
1910,Exceeded my expectations!,negative
1911,Quick resolution of my issue.,positive
1912,Fast delivery and great support.,negative
1913,"It was okay, nothing great.",neutral
1914,Fast delivery and great support.,negative
1915,Unhelpful and rude staff.,negative
1916,Terrible customer service.,negative
1917,Loved the user interface.,neutral
1918,Average experience overall.,negative
1919,Terrible customer service.,neutral
1920,Unhelpful and rude staff.,negative
1921,Average experience overall.,negative
1922,Loved the user interface.,neutral
1923,,
1924,Average experience overall.,negative
1925,Good value for money.,negative
1926,"It was okay, nothing great.",positive
1927,Will not recommend to others.,negative
1928,,
1929,The product is excellent.,positive
1930,Terrible customer service.,positive
1931,Satisfied with the service.,negative
1932,,
1933,Average experience overall.,positive
1934,The product is excellent.,positive
1935,Good value for money.,neutral
1936,Poor quality materials used.,negative
1937,The packaging was damaged.,positive
1938,Worst experience I've ever had.,positive
1939,"It was okay, nothing great.",negative
1940,Average experience overall.,positive
1941,Poor quality materials used.,negative
1942,Poor quality materials used.,positive
1943,The product is excellent.,negative
1944,Average experience overall.,neutral
1945,Terrible customer service.,neutral
1946,Loved the user interface.,negative
1947,Will not recommend to others.,positive
1948,"It was okay, nothing great.",neutral
1949,Quick resolution of my issue.,positive
1950,Unhelpful and rude staff.,negative
1951,,
1952,The product is excellent.,negative
1953,"It was okay, nothing great.",neutral
1954,The product is excellent.,negative
1955,Poor quality materials used.,neutral
1956,Quick resolution of my issue.,positive
1957,Worst experience I've ever had.,positive
1958,Quick resolution of my issue.,neutral
1959,Exceeded my expectations!,negative
1960,,
1961,"It was okay, nothing great.",negative
1962,The product is excellent.,negative
1963,Worst experience I've ever had.,neutral
1964,The product is excellent.,neutral
1965,Will not recommend to others.,positive
1966,The packaging was damaged.,neutral
1967,Poor quality materials used.,neutral
1968,Quick resolution of my issue.,positive
1969,Unhelpful and rude staff.,negative
1970,Good value for money.,negative
1971,The packaging was damaged.,positive
1972,Quick resolution of my issue.,negative
1973,Good value for money.,positive
1974,Good value for money.,negative
1975,Quick resolution of my issue.,neutral
1976,The product is excellent.,positive
1977,Loved the user interface.,negative
1978,Loved the user interface.,neutral
1979,,
1980,The product is excellent.,positive
1981,Worst experience I've ever had.,negative
1982,,
1983,Worst experience I've ever had.,neutral
1984,Terrible customer service.,negative
1985,The product is excellent.,neutral
1986,Unhelpful and rude staff.,positive
1987,Fast delivery and great support.,neutral
1988,,
1989,The product is excellent.,negative
1990,Good value for money.,neutral
1991,,
1992,Poor quality materials used.,neutral
1993,Terrible customer service.,neutral
1994,Terrible customer service.,positive
1995,Quick resolution of my issue.,positive
1996,The packaging was damaged.,neutral
1997,Worst experience I've ever had.,positive
1998,Fast delivery and great support.,positive
1999,Satisfied with the service.,negative
2000,Average experience overall.,positive
